--
-- PostgreSQL database dump
--

-- Dumped from database version 16.8
-- Dumped by pg_dump version 16.8

SET statement_timeout = 0;
SET lock_timeout = 0;
SET idle_in_transaction_session_timeout = 0;
SET client_encoding = 'UTF8';
SET standard_conforming_strings = on;
SELECT pg_catalog.set_config('search_path', '', false);
SET check_function_bodies = false;
SET xmloption = content;
SET client_min_messages = warning;
SET row_security = off;

SET default_tablespace = '';

SET default_table_access_method = heap;

--
-- Name: activities_activity; Type: TABLE; Schema: public; Owner: sportradar_sql_user
--

CREATE TABLE public.activities_activity (
    id bigint NOT NULL,
    name character varying(100) NOT NULL,
    description text NOT NULL,
    created_at timestamp with time zone NOT NULL,
    created_by_id bigint NOT NULL,
    category character varying(50) NOT NULL,
    date date NOT NULL,
    duration character varying(50) NOT NULL,
    image character varying(100),
    instructor character varying(100) NOT NULL,
    level character varying(50) NOT NULL,
    location character varying(255) NOT NULL,
    max_participants integer NOT NULL,
    price character varying(50) NOT NULL,
    rating double precision NOT NULL,
    sport_zen boolean NOT NULL,
    "time" time without time zone NOT NULL,
    is_public boolean NOT NULL,
    venue character varying(10) NOT NULL,
    CONSTRAINT activities_activity_max_participants_check CHECK ((max_participants >= 0))
);


ALTER TABLE public.activities_activity OWNER TO "sportradar_sql_user";

--
-- Name: activities_activity_attendees; Type: TABLE; Schema: public; Owner: sportradar_sql_user
--

CREATE TABLE public.activities_activity_attendees (
    id bigint NOT NULL,
    activity_id bigint NOT NULL,
    customuser_id bigint NOT NULL
);


ALTER TABLE public.activities_activity_attendees OWNER TO "sportradar_sql_user";

--
-- Name: activities_activity_attendees_id_seq; Type: SEQUENCE; Schema: public; Owner: sportradar_sql_user
--

ALTER TABLE public.activities_activity_attendees ALTER COLUMN id ADD GENERATED BY DEFAULT AS IDENTITY (
    SEQUENCE NAME public.activities_activity_attendees_id_seq
    START WITH 1
    INCREMENT BY 1
    NO MINVALUE
    NO MAXVALUE
    CACHE 1
);


--
-- Name: activities_activity_id_seq; Type: SEQUENCE; Schema: public; Owner: sportradar_sql_user
--

ALTER TABLE public.activities_activity ALTER COLUMN id ADD GENERATED BY DEFAULT AS IDENTITY (
    SEQUENCE NAME public.activities_activity_id_seq
    START WITH 1
    INCREMENT BY 1
    NO MINVALUE
    NO MAXVALUE
    CACHE 1
);


--
-- Name: auth_group; Type: TABLE; Schema: public; Owner: sportradar_sql_user
--

CREATE TABLE public.auth_group (
    id integer NOT NULL,
    name character varying(150) NOT NULL
);


ALTER TABLE public.auth_group OWNER TO "sportradar_sql_user";

--
-- Name: auth_group_id_seq; Type: SEQUENCE; Schema: public; Owner: sportradar_sql_user
--

ALTER TABLE public.auth_group ALTER COLUMN id ADD GENERATED BY DEFAULT AS IDENTITY (
    SEQUENCE NAME public.auth_group_id_seq
    START WITH 1
    INCREMENT BY 1
    NO MINVALUE
    NO MAXVALUE
    CACHE 1
);


--
-- Name: auth_group_permissions; Type: TABLE; Schema: public; Owner: sportradar_sql_user
--

CREATE TABLE public.auth_group_permissions (
    id bigint NOT NULL,
    group_id integer NOT NULL,
    permission_id integer NOT NULL
);


ALTER TABLE public.auth_group_permissions OWNER TO "sportradar_sql_user";

--
-- Name: auth_group_permissions_id_seq; Type: SEQUENCE; Schema: public; Owner: sportradar_sql_user
--

ALTER TABLE public.auth_group_permissions ALTER COLUMN id ADD GENERATED BY DEFAULT AS IDENTITY (
    SEQUENCE NAME public.auth_group_permissions_id_seq
    START WITH 1
    INCREMENT BY 1
    NO MINVALUE
    NO MAXVALUE
    CACHE 1
);


--
-- Name: auth_permission; Type: TABLE; Schema: public; Owner: sportradar_sql_user
--

CREATE TABLE public.auth_permission (
    id integer NOT NULL,
    name character varying(255) NOT NULL,
    content_type_id integer NOT NULL,
    codename character varying(100) NOT NULL
);


ALTER TABLE public.auth_permission OWNER TO "sportradar_sql_user";

--
-- Name: auth_permission_id_seq; Type: SEQUENCE; Schema: public; Owner: sportradar_sql_user
--

ALTER TABLE public.auth_permission ALTER COLUMN id ADD GENERATED BY DEFAULT AS IDENTITY (
    SEQUENCE NAME public.auth_permission_id_seq
    START WITH 1
    INCREMENT BY 1
    NO MINVALUE
    NO MAXVALUE
    CACHE 1
);


--
-- Name: companies_company; Type: TABLE; Schema: public; Owner: sportradar_sql_user
--

CREATE TABLE public.companies_company (
    id bigint NOT NULL,
    name character varying(200) NOT NULL,
    location character varying(255) NOT NULL,
    image character varying(100),
    rating double precision NOT NULL,
    sport_zen boolean NOT NULL,
    is_public boolean NOT NULL
);


ALTER TABLE public.companies_company OWNER TO "sportradar_sql_user";

--
-- Name: companies_company_id_seq; Type: SEQUENCE; Schema: public; Owner: sportradar_sql_user
--

ALTER TABLE public.companies_company ALTER COLUMN id ADD GENERATED BY DEFAULT AS IDENTITY (
    SEQUENCE NAME public.companies_company_id_seq
    START WITH 1
    INCREMENT BY 1
    NO MINVALUE
    NO MAXVALUE
    CACHE 1
);


--
-- Name: django_admin_log; Type: TABLE; Schema: public; Owner: sportradar_sql_user
--

CREATE TABLE public.django_admin_log (
    id integer NOT NULL,
    action_time timestamp with time zone NOT NULL,
    object_id text,
    object_repr character varying(200) NOT NULL,
    action_flag smallint NOT NULL,
    change_message text NOT NULL,
    content_type_id integer,
    user_id bigint NOT NULL,
    CONSTRAINT django_admin_log_action_flag_check CHECK ((action_flag >= 0))
);


ALTER TABLE public.django_admin_log OWNER TO "sportradar_sql_user";

--
-- Name: django_admin_log_id_seq; Type: SEQUENCE; Schema: public; Owner: sportradar_sql_user
--

ALTER TABLE public.django_admin_log ALTER COLUMN id ADD GENERATED BY DEFAULT AS IDENTITY (
    SEQUENCE NAME public.django_admin_log_id_seq
    START WITH 1
    INCREMENT BY 1
    NO MINVALUE
    NO MAXVALUE
    CACHE 1
);


--
-- Name: django_content_type; Type: TABLE; Schema: public; Owner: sportradar_sql_user
--

CREATE TABLE public.django_content_type (
    id integer NOT NULL,
    app_label character varying(100) NOT NULL,
    model character varying(100) NOT NULL
);


ALTER TABLE public.django_content_type OWNER TO "sportradar_sql_user";

--
-- Name: django_content_type_id_seq; Type: SEQUENCE; Schema: public; Owner: sportradar_sql_user
--

ALTER TABLE public.django_content_type ALTER COLUMN id ADD GENERATED BY DEFAULT AS IDENTITY (
    SEQUENCE NAME public.django_content_type_id_seq
    START WITH 1
    INCREMENT BY 1
    NO MINVALUE
    NO MAXVALUE
    CACHE 1
);


--
-- Name: django_migrations; Type: TABLE; Schema: public; Owner: sportradar_sql_user
--

CREATE TABLE public.django_migrations (
    id bigint NOT NULL,
    app character varying(255) NOT NULL,
    name character varying(255) NOT NULL,
    applied timestamp with time zone NOT NULL
);


ALTER TABLE public.django_migrations OWNER TO "sportradar_sql_user";

--
-- Name: django_migrations_id_seq; Type: SEQUENCE; Schema: public; Owner: sportradar_sql_user
--

ALTER TABLE public.django_migrations ALTER COLUMN id ADD GENERATED BY DEFAULT AS IDENTITY (
    SEQUENCE NAME public.django_migrations_id_seq
    START WITH 1
    INCREMENT BY 1
    NO MINVALUE
    NO MAXVALUE
    CACHE 1
);


--
-- Name: django_session; Type: TABLE; Schema: public; Owner: sportradar_sql_user
--

CREATE TABLE public.django_session (
    session_key character varying(40) NOT NULL,
    session_data text NOT NULL,
    expire_date timestamp with time zone NOT NULL
);


ALTER TABLE public.django_session OWNER TO "sportradar_sql_user";

--
-- Name: subscriptions_subscriptionrequest; Type: TABLE; Schema: public; Owner: sportradar_sql_user
--

CREATE TABLE public.subscriptions_subscriptionrequest (
    id bigint NOT NULL,
    plan character varying(20) NOT NULL,
    company_name character varying(255) NOT NULL,
    admin_name character varying(255) NOT NULL,
    email character varying(254) NOT NULL,
    phone character varying(50) NOT NULL,
    message text NOT NULL,
    created_at timestamp with time zone NOT NULL,
    created_by_id bigint
);


ALTER TABLE public.subscriptions_subscriptionrequest OWNER TO "sportradar_sql_user";

--
-- Name: subscriptions_subscriptionrequest_id_seq; Type: SEQUENCE; Schema: public; Owner: sportradar_sql_user
--

ALTER TABLE public.subscriptions_subscriptionrequest ALTER COLUMN id ADD GENERATED BY DEFAULT AS IDENTITY (
    SEQUENCE NAME public.subscriptions_subscriptionrequest_id_seq
    START WITH 1
    INCREMENT BY 1
    NO MINVALUE
    NO MAXVALUE
    CACHE 1
);


--
-- Name: users_customuser; Type: TABLE; Schema: public; Owner: sportradar_sql_user
--

CREATE TABLE public.users_customuser (
    id bigint NOT NULL,
    password character varying(128) NOT NULL,
    last_login timestamp with time zone,
    is_superuser boolean NOT NULL,
    username character varying(150) NOT NULL,
    first_name character varying(150) NOT NULL,
    last_name character varying(150) NOT NULL,
    is_staff boolean NOT NULL,
    is_active boolean NOT NULL,
    date_joined timestamp with time zone NOT NULL,
    email character varying(254) NOT NULL,
    type character varying(20) NOT NULL,
    preferences jsonb NOT NULL,
    avatar character varying(100)
);


ALTER TABLE public.users_customuser OWNER TO "sportradar_sql_user";

--
-- Name: users_customuser_groups; Type: TABLE; Schema: public; Owner: sportradar_sql_user
--

CREATE TABLE public.users_customuser_groups (
    id bigint NOT NULL,
    customuser_id bigint NOT NULL,
    group_id integer NOT NULL
);


ALTER TABLE public.users_customuser_groups OWNER TO "sportradar_sql_user";

--
-- Name: users_customuser_groups_id_seq; Type: SEQUENCE; Schema: public; Owner: sportradar_sql_user
--

ALTER TABLE public.users_customuser_groups ALTER COLUMN id ADD GENERATED BY DEFAULT AS IDENTITY (
    SEQUENCE NAME public.users_customuser_groups_id_seq
    START WITH 1
    INCREMENT BY 1
    NO MINVALUE
    NO MAXVALUE
    CACHE 1
);


--
-- Name: users_customuser_id_seq; Type: SEQUENCE; Schema: public; Owner: sportradar_sql_user
--

ALTER TABLE public.users_customuser ALTER COLUMN id ADD GENERATED BY DEFAULT AS IDENTITY (
    SEQUENCE NAME public.users_customuser_id_seq
    START WITH 1
    INCREMENT BY 1
    NO MINVALUE
    NO MAXVALUE
    CACHE 1
);


--
-- Name: users_customuser_user_permissions; Type: TABLE; Schema: public; Owner: sportradar_sql_user
--

CREATE TABLE public.users_customuser_user_permissions (
    id bigint NOT NULL,
    customuser_id bigint NOT NULL,
    permission_id integer NOT NULL
);


ALTER TABLE public.users_customuser_user_permissions OWNER TO "sportradar_sql_user";

--
-- Name: users_customuser_user_permissions_id_seq; Type: SEQUENCE; Schema: public; Owner: sportradar_sql_user
--

ALTER TABLE public.users_customuser_user_permissions ALTER COLUMN id ADD GENERATED BY DEFAULT AS IDENTITY (
    SEQUENCE NAME public.users_customuser_user_permissions_id_seq
    START WITH 1
    INCREMENT BY 1
    NO MINVALUE
    NO MAXVALUE
    CACHE 1
);


--
-- Data for Name: activities_activity; Type: TABLE DATA; Schema: public; Owner: sportradar_sql_user
--

COPY public.activities_activity (id, name, description, created_at, created_by_id, category, date, duration, image, instructor, level, location, max_participants, price, rating, sport_zen, "time", is_public, venue) FROM stdin;
1	HIIT Session 001	Session de hiit pour tous les niveaux.	2025-07-04 09:46:01+02	1	hiit	2025-07-05	1h	activity_images/Hiit_Bndr84M.png	Marie Dubois	avancé	Marseille	20	Gratuit	3.3	f	08:00:00	t	inside
8	Cycling Session 008	Session de cycling pour tous les niveaux.	2025-07-04 09:46:01+02	1	cycling	2025-07-12	1h		Sophie Dubois	avancé	Lyon	20	15€	3.4	f	16:00:00	t	inside
9	Meditation Session 009	Session de meditation pour tous les niveaux.	2025-07-04 09:46:01+02	1	meditation	2025-07-13	1h		Sophie Dubois	intermédiaire	Toulouse	20	20€	4.7	t	10:00:00	t	inside
2	Meditation Session 002	Session de meditation pour tous les niveaux.	2025-07-04 09:46:01+02	1	meditation	2025-07-06	1h		Laura Petit	débutant	Toulouse	20	10€	4.7	f	10:00:00	t	inside
3	Swimming Session 003	Session de swimming pour tous les niveaux.	2025-07-04 09:46:01+02	1	swimming	2025-07-07	1h		Marie Dubois	avancé	Paris	20	15€	5	t	16:00:00	t	inside
4	Cycling Session 004	Session de cycling pour tous les niveaux.	2025-07-04 09:46:01+02	1	cycling	2025-07-08	1h30		Sophie Dubois	avancé	Marseille	20	20€	3.1	f	16:00:00	t	inside
5	Meditation Session 005	Session de meditation pour tous les niveaux.	2025-07-04 09:46:01+02	1	meditation	2025-07-09	1h		Alexandre Leroy	débutant	Paris	20	10€	4	f	08:00:00	t	inside
6	Yoga Session 006	Session de yoga pour tous les niveaux.	2025-07-04 09:46:01+02	1	yoga	2025-07-10	1h		Thomas Martin	débutant	Paris	20	15€	4.3	f	08:00:00	t	inside
7	Cycling Session 007	Session de cycling pour tous les niveaux.	2025-07-04 09:46:01+02	1	cycling	2025-07-11	1h30		Marie Dubois	avancé	Paris	20	10€	3.1	t	16:00:00	t	inside
10	CrossFit Session 010	Session de crossfit pour tous les niveaux.	2025-07-04 09:46:01+02	1	crossfit	2025-07-14	1h		Marie Dubois	intermédiaire	Lyon	20	15€	3.1	f	14:00:00	t	inside
11	HIIT Session 011	Session de hiit pour tous les niveaux.	2025-07-04 09:46:01+02	1	hiit	2025-07-15	1h		Sophie Dubois	avancé	Lyon	20	15€	4.2	t	16:00:00	t	inside
12	Cycling Session 012	Session de cycling pour tous les niveaux.	2025-07-04 09:46:01+02	1	cycling	2025-07-16	1h		Alexandre Leroy	avancé	Paris	20	15€	3.4	t	18:00:00	t	inside
13	Boxing Session 013	Session de boxing pour tous les niveaux.	2025-07-04 09:46:01+02	1	boxing	2025-07-17	1h30		Sophie Dubois	débutant	Lyon	20	10€	4	t	12:00:00	t	inside
14	Yoga Session 014	Session de yoga pour tous les niveaux.	2025-07-04 09:46:01+02	1	yoga	2025-07-18	1h30		Marie Dubois	débutant	Marseille	20	15€	3.7	f	18:00:00	t	inside
15	Boxing Session 015	Session de boxing pour tous les niveaux.	2025-07-04 09:46:01+02	1	boxing	2025-07-19	1h30		Jean Moreau	intermédiaire	Toulouse	20	10€	3.6	f	08:00:00	t	inside
28	Running Session 028	Session de running pour tous les niveaux.	2025-07-04 09:46:01+02	1	running	2025-08-01	1h		Jean Moreau	débutant	Nice	20	15€	4.7	t	18:00:00	t	inside
16	Running Session 016	Session de running pour tous les niveaux.	2025-07-04 09:46:01+02	1	running	2025-07-20	1h30		Jean Moreau	intermédiaire	Nice	20	15€	3.5	t	18:00:00	t	inside
17	CrossFit Session 017	Session de crossfit pour tous les niveaux.	2025-07-04 09:46:01+02	1	crossfit	2025-07-21	1h30		Sophie Dubois	intermédiaire	Toulouse	20	15€	4.9	f	14:00:00	t	inside
18	Cycling Session 018	Session de cycling pour tous les niveaux.	2025-07-04 09:46:01+02	1	cycling	2025-07-22	1h30		Jean Moreau	intermédiaire	Paris	20	10€	4.1	t	10:00:00	t	inside
19	Swimming Session 019	Session de swimming pour tous les niveaux.	2025-07-04 09:46:01+02	1	swimming	2025-07-23	1h30		Jean Moreau	intermédiaire	Nice	20	10€	3.9	t	10:00:00	t	inside
20	Cycling Session 020	Session de cycling pour tous les niveaux.	2025-07-04 09:46:01+02	1	cycling	2025-07-24	1h		Marie Dubois	débutant	Paris	20	15€	4.6	t	12:00:00	t	inside
21	Cycling Session 021	Session de cycling pour tous les niveaux.	2025-07-04 09:46:01+02	1	cycling	2025-07-25	1h30		Sophie Dubois	débutant	Lyon	20	20€	4.7	t	10:00:00	t	inside
22	Meditation Session 022	Session de meditation pour tous les niveaux.	2025-07-04 09:46:01+02	1	meditation	2025-07-26	1h30		Thomas Martin	avancé	Lyon	20	15€	3	f	08:00:00	t	inside
23	Running Session 023	Session de running pour tous les niveaux.	2025-07-04 09:46:01+02	1	running	2025-07-27	1h		Sophie Dubois	intermédiaire	Lyon	20	10€	3.5	t	08:00:00	t	inside
24	Cycling Session 024	Session de cycling pour tous les niveaux.	2025-07-04 09:46:01+02	1	cycling	2025-07-28	1h30		Laura Petit	avancé	Paris	20	10€	3.8	f	16:00:00	t	inside
25	Running Session 025	Session de running pour tous les niveaux.	2025-07-04 09:46:01+02	1	running	2025-07-29	1h30		Thomas Martin	débutant	Lyon	20	15€	3.5	t	08:00:00	t	inside
26	Cycling Session 026	Session de cycling pour tous les niveaux.	2025-07-04 09:46:01+02	1	cycling	2025-07-30	1h		Jean Moreau	avancé	Marseille	20	20€	4.8	f	16:00:00	t	inside
27	CrossFit Session 027	Session de crossfit pour tous les niveaux.	2025-07-04 09:46:01+02	1	crossfit	2025-07-31	1h		Laura Petit	avancé	Marseille	20	15€	4.5	f	10:00:00	t	inside
29	Boxing Session 029	Session de boxing pour tous les niveaux.	2025-07-04 09:46:01+02	1	boxing	2025-08-02	1h		Marie Dubois	avancé	Lyon	20	10€	3	f	08:00:00	t	inside
30	HIIT Session 030	Session de hiit pour tous les niveaux.	2025-07-04 09:46:01+02	1	hiit	2025-08-03	1h		Thomas Martin	débutant	Nice	20	10€	4.2	f	08:00:00	t	inside
31	Boxing Session 031	Session de boxing pour tous les niveaux.	2025-07-04 09:46:01+02	1	boxing	2025-08-04	1h30		Sophie Dubois	avancé	Toulouse	20	10€	3.7	f	18:00:00	t	inside
32	Pilates Session 032	Session de pilates pour tous les niveaux.	2025-07-04 09:46:01+02	1	pilates	2025-08-05	1h30		Alexandre Leroy	intermédiaire	Nice	20	15€	3.6	t	14:00:00	t	inside
33	Dance Session 033	Session de dance pour tous les niveaux.	2025-07-04 09:46:01+02	1	dance	2025-08-06	1h30		Laura Petit	avancé	Paris	20	15€	4	f	18:00:00	t	inside
70	Swimming Session 070	Session de swimming pour tous les niveaux.	2025-07-04 09:46:01+02	1	swimming	2025-07-12	1h		Sophie Dubois	intermédiaire	Lyon	20	10€	4.6	f	18:00:00	t	inside
76	Yoga Session 076	Session de yoga pour tous les niveaux.	2025-07-04 09:46:01+02	1	yoga	2025-07-18	1h		Sophie Dubois	avancé	Paris	20	20€	4.8	f	16:00:00	t	inside
107	Dance Session 107	Session de dance pour tous les niveaux.	2025-07-04 09:46:01+02	1	dance	2025-08-18	1h		Marie Dubois	intermédiaire	Nice	20	10€	4.9	t	14:00:00	t	inside
144	CrossFit Session 144	Session de crossfit pour tous les niveaux.	2025-07-04 09:46:01+02	1	crossfit	2025-07-24	1h30		Marie Dubois	intermédiaire	Lyon	20	10€	4.3	f	18:00:00	t	inside
34	Cycling Session 034	Session de cycling pour tous les niveaux.	2025-07-04 09:46:01+02	1	cycling	2025-08-07	1h30		Laura Petit	avancé	Lyon	20	15€	3.1	f	08:00:00	t	inside
35	HIIT Session 035	Session de hiit pour tous les niveaux.	2025-07-04 09:46:01+02	1	hiit	2025-08-08	1h30		Jean Moreau	avancé	Paris	20	Gratuit	3.4	f	16:00:00	t	inside
36	Yoga Session 036	Session de yoga pour tous les niveaux.	2025-07-04 09:46:01+02	1	yoga	2025-08-09	1h30		Marie Dubois	avancé	Nice	20	20€	4.2	t	08:00:00	t	inside
37	Meditation Session 037	Session de meditation pour tous les niveaux.	2025-07-04 09:46:01+02	1	meditation	2025-08-10	1h30		Jean Moreau	intermédiaire	Marseille	20	Gratuit	3.8	t	10:00:00	t	inside
38	Boxing Session 038	Session de boxing pour tous les niveaux.	2025-07-04 09:46:01+02	1	boxing	2025-08-11	1h30		Laura Petit	avancé	Toulouse	20	10€	3.2	t	18:00:00	t	inside
39	Yoga Session 039	Session de yoga pour tous les niveaux.	2025-07-04 09:46:01+02	1	yoga	2025-08-12	1h		Sophie Dubois	débutant	Nice	20	10€	4	f	18:00:00	t	inside
40	Meditation Session 040	Session de meditation pour tous les niveaux.	2025-07-04 09:46:01+02	1	meditation	2025-08-13	1h30		Marie Dubois	intermédiaire	Toulouse	20	15€	3.9	f	12:00:00	t	inside
41	CrossFit Session 041	Session de crossfit pour tous les niveaux.	2025-07-04 09:46:01+02	1	crossfit	2025-08-14	1h30		Sophie Dubois	intermédiaire	Toulouse	20	15€	3.3	t	16:00:00	t	inside
42	Yoga Session 042	Session de yoga pour tous les niveaux.	2025-07-04 09:46:01+02	1	yoga	2025-08-15	1h		Marie Dubois	avancé	Nice	20	Gratuit	4.7	f	12:00:00	t	inside
43	Swimming Session 043	Session de swimming pour tous les niveaux.	2025-07-04 09:46:01+02	1	swimming	2025-08-16	1h		Alexandre Leroy	débutant	Marseille	20	10€	3.4	f	12:00:00	t	inside
44	HIIT Session 044	Session de hiit pour tous les niveaux.	2025-07-04 09:46:01+02	1	hiit	2025-08-17	1h30		Thomas Martin	intermédiaire	Nice	20	15€	4.3	f	08:00:00	t	inside
45	Pilates Session 045	Session de pilates pour tous les niveaux.	2025-07-04 09:46:01+02	1	pilates	2025-08-18	1h30		Alexandre Leroy	intermédiaire	Nice	20	Gratuit	3.4	f	18:00:00	t	inside
46	Running Session 046	Session de running pour tous les niveaux.	2025-07-04 09:46:01+02	1	running	2025-08-19	1h		Jean Moreau	intermédiaire	Marseille	20	10€	4.8	t	16:00:00	t	inside
47	Boxing Session 047	Session de boxing pour tous les niveaux.	2025-07-04 09:46:01+02	1	boxing	2025-08-20	1h		Laura Petit	débutant	Lyon	20	Gratuit	4.3	f	10:00:00	t	inside
48	Cycling Session 048	Session de cycling pour tous les niveaux.	2025-07-04 09:46:01+02	1	cycling	2025-08-21	1h		Alexandre Leroy	débutant	Paris	20	Gratuit	4.9	f	10:00:00	t	inside
49	Pilates Session 049	Session de pilates pour tous les niveaux.	2025-07-04 09:46:01+02	1	pilates	2025-08-22	1h30		Marie Dubois	débutant	Lyon	20	10€	3.2	t	08:00:00	t	inside
50	Swimming Session 050	Session de swimming pour tous les niveaux.	2025-07-04 09:46:01+02	1	swimming	2025-08-23	1h30		Sophie Dubois	débutant	Paris	20	10€	3.7	f	08:00:00	t	inside
51	Running Session 051	Session de running pour tous les niveaux.	2025-07-04 09:46:01+02	1	running	2025-08-24	1h30		Laura Petit	avancé	Marseille	20	10€	3.9	t	14:00:00	t	inside
52	Swimming Session 052	Session de swimming pour tous les niveaux.	2025-07-04 09:46:01+02	1	swimming	2025-08-25	1h30		Thomas Martin	intermédiaire	Marseille	20	20€	3.3	t	16:00:00	t	inside
53	HIIT Session 053	Session de hiit pour tous les niveaux.	2025-07-04 09:46:01+02	1	hiit	2025-08-26	1h30		Laura Petit	débutant	Nice	20	15€	4.4	t	08:00:00	t	inside
54	HIIT Session 054	Session de hiit pour tous les niveaux.	2025-07-04 09:46:01+02	1	hiit	2025-08-27	1h30		Alexandre Leroy	intermédiaire	Marseille	20	Gratuit	3.3	f	16:00:00	t	inside
55	Running Session 055	Session de running pour tous les niveaux.	2025-07-04 09:46:01+02	1	running	2025-08-28	1h		Alexandre Leroy	intermédiaire	Nice	20	10€	4.4	f	10:00:00	t	inside
56	Dance Session 056	Session de dance pour tous les niveaux.	2025-07-04 09:46:01+02	1	dance	2025-08-29	1h		Marie Dubois	intermédiaire	Marseille	20	15€	3.6	f	10:00:00	t	inside
57	Cycling Session 057	Session de cycling pour tous les niveaux.	2025-07-04 09:46:01+02	1	cycling	2025-08-30	1h		Alexandre Leroy	débutant	Paris	20	20€	3.3	f	08:00:00	t	inside
58	Meditation Session 058	Session de meditation pour tous les niveaux.	2025-07-04 09:46:01+02	1	meditation	2025-08-31	1h30		Jean Moreau	avancé	Paris	20	Gratuit	4.8	f	10:00:00	t	inside
59	Dance Session 059	Session de dance pour tous les niveaux.	2025-07-04 09:46:01+02	1	dance	2025-09-01	1h		Laura Petit	intermédiaire	Paris	20	15€	3.7	t	12:00:00	t	inside
60	HIIT Session 060	Session de hiit pour tous les niveaux.	2025-07-04 09:46:01+02	1	hiit	2025-09-02	1h		Thomas Martin	intermédiaire	Marseille	20	15€	4.4	t	16:00:00	t	inside
61	CrossFit Session 061	Session de crossfit pour tous les niveaux.	2025-07-04 09:46:01+02	1	crossfit	2025-09-03	1h		Jean Moreau	débutant	Lyon	20	15€	4.8	t	18:00:00	t	inside
62	Meditation Session 062	Session de meditation pour tous les niveaux.	2025-07-04 09:46:01+02	1	meditation	2025-09-04	1h30		Alexandre Leroy	avancé	Nice	20	15€	3.7	f	10:00:00	t	inside
64	CrossFit Session 064	Session de crossfit pour tous les niveaux.	2025-07-04 09:46:01+02	1	crossfit	2025-07-06	1h30		Laura Petit	avancé	Paris	20	10€	4.9	f	14:00:00	t	inside
65	CrossFit Session 065	Session de crossfit pour tous les niveaux.	2025-07-04 09:46:01+02	1	crossfit	2025-07-07	1h		Jean Moreau	débutant	Marseille	20	10€	3.6	f	08:00:00	t	inside
66	Pilates Session 066	Session de pilates pour tous les niveaux.	2025-07-04 09:46:01+02	1	pilates	2025-07-08	1h		Laura Petit	débutant	Marseille	20	15€	3.6	f	14:00:00	t	inside
67	Dance Session 067	Session de dance pour tous les niveaux.	2025-07-04 09:46:01+02	1	dance	2025-07-09	1h		Marie Dubois	avancé	Nice	20	10€	4.3	t	12:00:00	t	inside
68	Pilates Session 068	Session de pilates pour tous les niveaux.	2025-07-04 09:46:01+02	1	pilates	2025-07-10	1h		Marie Dubois	intermédiaire	Paris	20	Gratuit	4.8	t	14:00:00	t	inside
69	Pilates Session 069	Session de pilates pour tous les niveaux.	2025-07-04 09:46:01+02	1	pilates	2025-07-11	1h30		Laura Petit	avancé	Nice	20	15€	3.2	t	08:00:00	t	inside
71	Boxing Session 071	Session de boxing pour tous les niveaux.	2025-07-04 09:46:01+02	1	boxing	2025-07-13	1h		Marie Dubois	débutant	Marseille	20	Gratuit	4.5	f	16:00:00	t	inside
72	CrossFit Session 072	Session de crossfit pour tous les niveaux.	2025-07-04 09:46:01+02	1	crossfit	2025-07-14	1h		Thomas Martin	débutant	Marseille	20	Gratuit	3.5	f	12:00:00	t	inside
73	Swimming Session 073	Session de swimming pour tous les niveaux.	2025-07-04 09:46:01+02	1	swimming	2025-07-15	1h30		Laura Petit	intermédiaire	Nice	20	Gratuit	4.9	f	10:00:00	t	inside
74	Pilates Session 074	Session de pilates pour tous les niveaux.	2025-07-04 09:46:01+02	1	pilates	2025-07-16	1h		Jean Moreau	intermédiaire	Lyon	20	Gratuit	4.5	f	10:00:00	t	inside
75	Running Session 075	Session de running pour tous les niveaux.	2025-07-04 09:46:01+02	1	running	2025-07-17	1h		Thomas Martin	débutant	Paris	20	Gratuit	3.8	t	10:00:00	t	inside
77	Dance Session 077	Session de dance pour tous les niveaux.	2025-07-04 09:46:01+02	1	dance	2025-07-19	1h30		Laura Petit	débutant	Toulouse	20	10€	3.7	t	08:00:00	t	inside
78	Meditation Session 078	Session de meditation pour tous les niveaux.	2025-07-04 09:46:01+02	1	meditation	2025-07-20	1h		Marie Dubois	débutant	Nice	20	15€	3.6	f	08:00:00	t	inside
79	HIIT Session 079	Session de hiit pour tous les niveaux.	2025-07-04 09:46:01+02	1	hiit	2025-07-21	1h		Jean Moreau	débutant	Toulouse	20	Gratuit	4.7	t	14:00:00	t	inside
80	Pilates Session 080	Session de pilates pour tous les niveaux.	2025-07-04 09:46:01+02	1	pilates	2025-07-22	1h		Jean Moreau	intermédiaire	Toulouse	20	Gratuit	4.7	f	18:00:00	t	inside
81	Swimming Session 081	Session de swimming pour tous les niveaux.	2025-07-04 09:46:01+02	1	swimming	2025-07-23	1h30		Laura Petit	avancé	Nice	20	15€	3.8	t	18:00:00	t	inside
83	Cycling Session 083	Session de cycling pour tous les niveaux.	2025-07-04 09:46:01+02	1	cycling	2025-07-25	1h		Laura Petit	débutant	Lyon	20	20€	3.7	f	16:00:00	t	inside
84	Meditation Session 084	Session de meditation pour tous les niveaux.	2025-07-04 09:46:01+02	1	meditation	2025-07-26	1h		Marie Dubois	intermédiaire	Nice	20	15€	3.1	f	18:00:00	t	inside
85	Cycling Session 085	Session de cycling pour tous les niveaux.	2025-07-04 09:46:01+02	1	cycling	2025-07-27	1h30		Marie Dubois	intermédiaire	Paris	20	Gratuit	4.2	t	14:00:00	t	inside
86	Yoga Session 086	Session de yoga pour tous les niveaux.	2025-07-04 09:46:01+02	1	yoga	2025-07-28	1h30		Alexandre Leroy	avancé	Lyon	20	15€	4.9	t	16:00:00	t	inside
87	Dance Session 087	Session de dance pour tous les niveaux.	2025-07-04 09:46:01+02	1	dance	2025-07-29	1h30		Marie Dubois	avancé	Marseille	20	20€	3.8	f	18:00:00	t	inside
88	Swimming Session 088	Session de swimming pour tous les niveaux.	2025-07-04 09:46:01+02	1	swimming	2025-07-30	1h		Alexandre Leroy	débutant	Paris	20	10€	3	f	08:00:00	t	inside
90	Swimming Session 090	Session de swimming pour tous les niveaux.	2025-07-04 09:46:01+02	1	swimming	2025-08-01	1h30		Laura Petit	intermédiaire	Nice	20	20€	4.3	t	12:00:00	t	inside
91	Pilates Session 091	Session de pilates pour tous les niveaux.	2025-07-04 09:46:01+02	1	pilates	2025-08-02	1h30		Alexandre Leroy	débutant	Toulouse	20	15€	3.3	f	08:00:00	t	inside
92	Swimming Session 092	Session de swimming pour tous les niveaux.	2025-07-04 09:46:01+02	1	swimming	2025-08-03	1h30		Alexandre Leroy	avancé	Paris	20	Gratuit	3.4	f	18:00:00	t	inside
93	Swimming Session 093	Session de swimming pour tous les niveaux.	2025-07-04 09:46:01+02	1	swimming	2025-08-04	1h		Thomas Martin	débutant	Paris	20	20€	3.2	f	14:00:00	t	inside
94	Dance Session 094	Session de dance pour tous les niveaux.	2025-07-04 09:46:01+02	1	dance	2025-08-05	1h30		Marie Dubois	débutant	Paris	20	15€	4.7	t	14:00:00	t	inside
95	Swimming Session 095	Session de swimming pour tous les niveaux.	2025-07-04 09:46:01+02	1	swimming	2025-08-06	1h		Alexandre Leroy	avancé	Lyon	20	20€	3.2	f	10:00:00	t	inside
102	Meditation Session 102	Session de meditation pour tous les niveaux.	2025-07-04 09:46:01+02	1	meditation	2025-08-13	1h30		Alexandre Leroy	avancé	Marseille	20	Gratuit	4.8	f	08:00:00	t	inside
104	Running Session 104	Session de running pour tous les niveaux.	2025-07-04 09:46:01+02	1	running	2025-08-15	1h		Thomas Martin	débutant	Toulouse	20	20€	4	t	16:00:00	t	inside
105	Yoga Session 105	Session de yoga pour tous les niveaux.	2025-07-04 09:46:01+02	1	yoga	2025-08-16	1h		Alexandre Leroy	débutant	Paris	20	Gratuit	4.9	f	18:00:00	t	inside
106	Swimming Session 106	Session de swimming pour tous les niveaux.	2025-07-04 09:46:01+02	1	swimming	2025-08-17	1h30		Alexandre Leroy	avancé	Marseille	20	10€	4	f	18:00:00	t	inside
100	Dance Session 100	Session de dance pour tous les niveaux.	2025-07-04 09:46:01+02	1	dance	2025-08-11	1h30	activity_images/danse_08O4Gfs.png	Laura Petit	débutant	Nice	20	10€	3.9	t	08:00:00	t	inside
99	Yoga Session 099	Session de yoga pour tous les niveaux.	2025-07-04 09:46:01+02	1	yoga	2025-08-10	1h	activity_images/yoga_0m1HK80.png	Sophie Dubois	avancé	Lyon	20	Gratuit	4.8	f	16:00:00	t	inside
98	Swimming Session 098	Session de swimming pour tous les niveaux.	2025-07-04 09:46:01+02	1	swimming	2025-08-09	1h	activity_images/swimming_KrqP8dd.png	Thomas Martin	avancé	Nice	20	Gratuit	4.7	f	10:00:00	t	inside
97	Dance Session 097	Session de dance pour tous les niveaux.	2025-07-04 09:46:01+02	1	dance	2025-08-08	1h	activity_images/danse_6vl1yMQ.png	Thomas Martin	avancé	Marseille	20	10€	3.4	t	16:00:00	t	inside
96	HIIT Session 096	Session de hiit pour tous les niveaux.	2025-07-04 09:46:01+02	1	hiit	2025-08-07	1h	activity_images/Hiit_qE3S4KY.png	Sophie Dubois	débutant	Paris	20	Gratuit	3.7	f	08:00:00	t	inside
82	Pilates Session 082	Session de pilates pour tous les niveaux.	2025-07-04 09:46:01+02	1	pilates	2025-07-24	1h	activity_images/pilate_lKhAh1t.png	Marie Dubois	débutant	Nice	20	20€	3.5	f	14:00:00	t	inside
108	Dance Session 108	Session de dance pour tous les niveaux.	2025-07-04 09:46:01+02	1	dance	2025-08-19	1h		Jean Moreau	intermédiaire	Marseille	20	Gratuit	3.4	t	18:00:00	t	inside
109	Meditation Session 109	Session de meditation pour tous les niveaux.	2025-07-04 09:46:01+02	1	meditation	2025-08-20	1h30		Jean Moreau	avancé	Nice	20	15€	4.9	f	10:00:00	t	inside
110	Boxing Session 110	Session de boxing pour tous les niveaux.	2025-07-04 09:46:01+02	1	boxing	2025-08-21	1h30		Thomas Martin	débutant	Nice	20	10€	3.9	f	12:00:00	t	inside
111	HIIT Session 111	Session de hiit pour tous les niveaux.	2025-07-04 09:46:01+02	1	hiit	2025-08-22	1h30		Thomas Martin	avancé	Nice	20	Gratuit	4.1	t	10:00:00	t	inside
112	Meditation Session 112	Session de meditation pour tous les niveaux.	2025-07-04 09:46:01+02	1	meditation	2025-08-23	1h30		Alexandre Leroy	intermédiaire	Paris	20	Gratuit	4.1	t	18:00:00	t	inside
113	Boxing Session 113	Session de boxing pour tous les niveaux.	2025-07-04 09:46:01+02	1	boxing	2025-08-24	1h		Jean Moreau	débutant	Nice	20	20€	4.1	t	12:00:00	t	inside
114	HIIT Session 114	Session de hiit pour tous les niveaux.	2025-07-04 09:46:01+02	1	hiit	2025-08-25	1h		Jean Moreau	avancé	Toulouse	20	Gratuit	3.7	f	14:00:00	t	inside
115	Boxing Session 115	Session de boxing pour tous les niveaux.	2025-07-04 09:46:01+02	1	boxing	2025-08-26	1h30		Laura Petit	débutant	Nice	20	15€	4.8	t	08:00:00	t	inside
116	HIIT Session 116	Session de hiit pour tous les niveaux.	2025-07-04 09:46:01+02	1	hiit	2025-08-27	1h30		Sophie Dubois	intermédiaire	Paris	20	15€	3.6	f	18:00:00	t	inside
117	Pilates Session 117	Session de pilates pour tous les niveaux.	2025-07-04 09:46:01+02	1	pilates	2025-08-28	1h30		Thomas Martin	débutant	Toulouse	20	10€	3.8	t	18:00:00	t	inside
118	Running Session 118	Session de running pour tous les niveaux.	2025-07-04 09:46:01+02	1	running	2025-08-29	1h30		Alexandre Leroy	intermédiaire	Paris	20	10€	4.2	t	16:00:00	t	inside
119	HIIT Session 119	Session de hiit pour tous les niveaux.	2025-07-04 09:46:01+02	1	hiit	2025-08-30	1h30		Sophie Dubois	avancé	Paris	20	15€	4.6	t	10:00:00	t	inside
120	Swimming Session 120	Session de swimming pour tous les niveaux.	2025-07-04 09:46:01+02	1	swimming	2025-08-31	1h		Sophie Dubois	intermédiaire	Marseille	20	20€	4.8	f	14:00:00	t	inside
121	Swimming Session 121	Session de swimming pour tous les niveaux.	2025-07-04 09:46:01+02	1	swimming	2025-09-01	1h30		Marie Dubois	débutant	Paris	20	20€	4.3	f	10:00:00	t	inside
122	Boxing Session 122	Session de boxing pour tous les niveaux.	2025-07-04 09:46:01+02	1	boxing	2025-09-02	1h		Jean Moreau	avancé	Nice	20	15€	3.9	t	08:00:00	t	inside
123	CrossFit Session 123	Session de crossfit pour tous les niveaux.	2025-07-04 09:46:01+02	1	crossfit	2025-09-03	1h		Jean Moreau	débutant	Toulouse	20	10€	3.6	t	08:00:00	t	inside
124	Dance Session 124	Session de dance pour tous les niveaux.	2025-07-04 09:46:01+02	1	dance	2025-09-04	1h		Alexandre Leroy	intermédiaire	Lyon	20	20€	3.3	t	16:00:00	t	inside
126	Swimming Session 126	Session de swimming pour tous les niveaux.	2025-07-04 09:46:01+02	1	swimming	2025-07-06	1h		Sophie Dubois	avancé	Nice	20	15€	3.9	t	10:00:00	t	inside
127	CrossFit Session 127	Session de crossfit pour tous les niveaux.	2025-07-04 09:46:01+02	1	crossfit	2025-07-07	1h30		Jean Moreau	intermédiaire	Lyon	20	20€	3.5	f	16:00:00	t	inside
128	Dance Session 128	Session de dance pour tous les niveaux.	2025-07-04 09:46:01+02	1	dance	2025-07-08	1h30		Sophie Dubois	avancé	Marseille	20	10€	3.9	f	08:00:00	t	inside
129	Running Session 129	Session de running pour tous les niveaux.	2025-07-04 09:46:01+02	1	running	2025-07-09	1h30		Marie Dubois	intermédiaire	Lyon	20	10€	3.5	f	14:00:00	t	inside
131	HIIT Session 131	Session de hiit pour tous les niveaux.	2025-07-04 09:46:01+02	1	hiit	2025-07-11	1h30		Thomas Martin	avancé	Nice	20	20€	4.7	t	08:00:00	t	inside
132	Meditation Session 132	Session de meditation pour tous les niveaux.	2025-07-04 09:46:01+02	1	meditation	2025-07-12	1h30		Marie Dubois	débutant	Toulouse	20	Gratuit	4.1	f	16:00:00	t	inside
133	CrossFit Session 133	Session de crossfit pour tous les niveaux.	2025-07-04 09:46:01+02	1	crossfit	2025-07-13	1h30		Marie Dubois	avancé	Lyon	20	10€	4.5	f	08:00:00	t	inside
134	HIIT Session 134	Session de hiit pour tous les niveaux.	2025-07-04 09:46:01+02	1	hiit	2025-07-14	1h30		Laura Petit	débutant	Toulouse	20	Gratuit	3	t	08:00:00	t	inside
135	Swimming Session 135	Session de swimming pour tous les niveaux.	2025-07-04 09:46:01+02	1	swimming	2025-07-15	1h		Jean Moreau	intermédiaire	Lyon	20	20€	3.1	t	12:00:00	t	inside
136	Meditation Session 136	Session de meditation pour tous les niveaux.	2025-07-04 09:46:01+02	1	meditation	2025-07-16	1h30		Thomas Martin	débutant	Paris	20	15€	3.4	f	14:00:00	t	inside
137	HIIT Session 137	Session de hiit pour tous les niveaux.	2025-07-04 09:46:01+02	1	hiit	2025-07-17	1h30		Laura Petit	intermédiaire	Paris	20	20€	5	t	14:00:00	t	inside
139	Running Session 139	Session de running pour tous les niveaux.	2025-07-04 09:46:01+02	1	running	2025-07-19	1h		Thomas Martin	intermédiaire	Nice	20	10€	4.6	f	08:00:00	t	inside
140	CrossFit Session 140	Session de crossfit pour tous les niveaux.	2025-07-04 09:46:01+02	1	crossfit	2025-07-20	1h30		Sophie Dubois	débutant	Toulouse	20	15€	4.6	f	16:00:00	t	inside
141	Pilates Session 141	Session de pilates pour tous les niveaux.	2025-07-04 09:46:01+02	1	pilates	2025-07-21	1h30		Laura Petit	intermédiaire	Nice	20	15€	3.9	t	10:00:00	t	inside
142	Meditation Session 142	Session de meditation pour tous les niveaux.	2025-07-04 09:46:01+02	1	meditation	2025-07-22	1h		Marie Dubois	intermédiaire	Paris	20	15€	3.6	f	18:00:00	t	inside
143	HIIT Session 143	Session de hiit pour tous les niveaux.	2025-07-04 09:46:01+02	1	hiit	2025-07-23	1h30		Jean Moreau	avancé	Nice	20	20€	4	f	16:00:00	t	inside
138	Yoga Session 138	Session de yoga pour tous les niveaux.	2025-07-04 09:46:01+02	1	yoga	2025-07-18	1h	activity_images/yoga_6D5wrbO.png	Sophie Dubois	avancé	Nice	20	20€	4.9	f	10:00:00	t	inside
145	CrossFit Session 145	Session de crossfit pour tous les niveaux.	2025-07-04 09:46:01+02	1	crossfit	2025-07-25	1h		Alexandre Leroy	avancé	Marseille	20	10€	3.2	f	18:00:00	t	inside
146	Meditation Session 146	Session de meditation pour tous les niveaux.	2025-07-04 09:46:01+02	1	meditation	2025-07-26	1h30		Thomas Martin	débutant	Lyon	20	Gratuit	3.6	t	12:00:00	t	inside
147	Meditation Session 147	Session de meditation pour tous les niveaux.	2025-07-04 09:46:01+02	1	meditation	2025-07-27	1h		Jean Moreau	avancé	Marseille	20	Gratuit	4.5	f	16:00:00	t	inside
148	CrossFit Session 148	Session de crossfit pour tous les niveaux.	2025-07-04 09:46:01+02	1	crossfit	2025-07-28	1h		Alexandre Leroy	intermédiaire	Nice	20	10€	3.4	f	10:00:00	t	inside
150	HIIT Session 150	Session de hiit pour tous les niveaux.	2025-07-04 09:46:01+02	1	hiit	2025-07-30	1h30		Thomas Martin	avancé	Lyon	20	10€	3.3	t	08:00:00	t	inside
151	Pilates Session 151	Session de pilates pour tous les niveaux.	2025-07-04 09:46:01+02	1	pilates	2025-07-31	1h		Jean Moreau	avancé	Toulouse	20	15€	4.9	t	16:00:00	t	inside
152	CrossFit Session 152	Session de crossfit pour tous les niveaux.	2025-07-04 09:46:01+02	1	crossfit	2025-08-01	1h		Alexandre Leroy	avancé	Toulouse	20	Gratuit	4.2	t	12:00:00	t	inside
153	Cycling Session 153	Session de cycling pour tous les niveaux.	2025-07-04 09:46:01+02	1	cycling	2025-08-02	1h		Alexandre Leroy	intermédiaire	Lyon	20	Gratuit	3.8	t	08:00:00	t	inside
154	CrossFit Session 154	Session de crossfit pour tous les niveaux.	2025-07-04 09:46:01+02	1	crossfit	2025-08-03	1h		Thomas Martin	débutant	Lyon	20	10€	3.5	f	16:00:00	t	inside
155	Meditation Session 155	Session de meditation pour tous les niveaux.	2025-07-04 09:46:01+02	1	meditation	2025-08-04	1h		Sophie Dubois	intermédiaire	Toulouse	20	Gratuit	4.2	t	14:00:00	t	inside
156	CrossFit Session 156	Session de crossfit pour tous les niveaux.	2025-07-04 09:46:01+02	1	crossfit	2025-08-05	1h30		Laura Petit	avancé	Nice	20	20€	3.6	f	18:00:00	t	inside
157	Boxing Session 157	Session de boxing pour tous les niveaux.	2025-07-04 09:46:01+02	1	boxing	2025-08-06	1h		Alexandre Leroy	avancé	Toulouse	20	10€	4.6	t	12:00:00	t	inside
158	Swimming Session 158	Session de swimming pour tous les niveaux.	2025-07-04 09:46:01+02	1	swimming	2025-08-07	1h		Alexandre Leroy	avancé	Marseille	20	15€	5	f	12:00:00	t	inside
160	Cycling Session 160	Session de cycling pour tous les niveaux.	2025-07-04 09:46:01+02	1	cycling	2025-08-09	1h		Laura Petit	avancé	Marseille	20	Gratuit	3.1	f	08:00:00	t	inside
161	Cycling Session 161	Session de cycling pour tous les niveaux.	2025-07-04 09:46:01+02	1	cycling	2025-08-10	1h30		Sophie Dubois	avancé	Toulouse	20	Gratuit	3	f	14:00:00	t	inside
162	Pilates Session 162	Session de pilates pour tous les niveaux.	2025-07-04 09:46:01+02	1	pilates	2025-08-11	1h		Jean Moreau	intermédiaire	Paris	20	15€	3.7	f	08:00:00	t	inside
163	Cycling Session 163	Session de cycling pour tous les niveaux.	2025-07-04 09:46:01+02	1	cycling	2025-08-12	1h		Marie Dubois	débutant	Lyon	20	20€	4	f	14:00:00	t	inside
164	Swimming Session 164	Session de swimming pour tous les niveaux.	2025-07-04 09:46:01+02	1	swimming	2025-08-13	1h30		Jean Moreau	intermédiaire	Nice	20	20€	3.8	f	10:00:00	t	inside
165	CrossFit Session 165	Session de crossfit pour tous les niveaux.	2025-07-04 09:46:01+02	1	crossfit	2025-08-14	1h		Laura Petit	débutant	Lyon	20	20€	4.5	t	10:00:00	t	inside
166	CrossFit Session 166	Session de crossfit pour tous les niveaux.	2025-07-04 09:46:01+02	1	crossfit	2025-08-15	1h		Thomas Martin	intermédiaire	Nice	20	20€	4.1	f	18:00:00	t	inside
167	Boxing Session 167	Session de boxing pour tous les niveaux.	2025-07-04 09:46:01+02	1	boxing	2025-08-16	1h30		Jean Moreau	débutant	Nice	20	20€	4	f	14:00:00	t	inside
168	Cycling Session 168	Session de cycling pour tous les niveaux.	2025-07-04 09:46:01+02	1	cycling	2025-08-17	1h30		Thomas Martin	intermédiaire	Nice	20	15€	4.4	f	10:00:00	t	inside
169	CrossFit Session 169	Session de crossfit pour tous les niveaux.	2025-07-04 09:46:01+02	1	crossfit	2025-08-18	1h30		Laura Petit	intermédiaire	Lyon	20	10€	4.2	t	12:00:00	t	inside
170	Yoga Session 170	Session de yoga pour tous les niveaux.	2025-07-04 09:46:01+02	1	yoga	2025-08-19	1h30		Jean Moreau	débutant	Nice	20	20€	3.5	f	14:00:00	t	inside
171	Dance Session 171	Session de dance pour tous les niveaux.	2025-07-04 09:46:01+02	1	dance	2025-08-20	1h30		Sophie Dubois	avancé	Marseille	20	10€	3.5	f	08:00:00	t	inside
172	Yoga Session 172	Session de yoga pour tous les niveaux.	2025-07-04 09:46:01+02	1	yoga	2025-08-21	1h30		Alexandre Leroy	avancé	Lyon	20	20€	3.3	t	10:00:00	t	inside
173	Cycling Session 173	Session de cycling pour tous les niveaux.	2025-07-04 09:46:01+02	1	cycling	2025-08-22	1h30		Alexandre Leroy	intermédiaire	Paris	20	20€	3.4	f	12:00:00	t	inside
174	Dance Session 174	Session de dance pour tous les niveaux.	2025-07-04 09:46:01+02	1	dance	2025-08-23	1h		Laura Petit	intermédiaire	Nice	20	15€	4.9	t	10:00:00	t	inside
175	HIIT Session 175	Session de hiit pour tous les niveaux.	2025-07-04 09:46:01+02	1	hiit	2025-08-24	1h		Marie Dubois	débutant	Lyon	20	Gratuit	3.3	f	08:00:00	t	inside
176	Dance Session 176	Session de dance pour tous les niveaux.	2025-07-04 09:46:01+02	1	dance	2025-08-25	1h30		Thomas Martin	intermédiaire	Marseille	20	15€	3	t	10:00:00	t	inside
177	Dance Session 177	Session de dance pour tous les niveaux.	2025-07-04 09:46:01+02	1	dance	2025-08-26	1h30		Jean Moreau	avancé	Marseille	20	15€	4	t	14:00:00	t	inside
178	Cycling Session 178	Session de cycling pour tous les niveaux.	2025-07-04 09:46:01+02	1	cycling	2025-08-27	1h		Thomas Martin	avancé	Nice	20	10€	3.8	t	10:00:00	t	inside
179	Dance Session 179	Session de dance pour tous les niveaux.	2025-07-04 09:46:01+02	1	dance	2025-08-28	1h30		Laura Petit	avancé	Lyon	20	Gratuit	4.2	f	14:00:00	t	inside
159	Dance Session 159	Session de dance pour tous les niveaux.	2025-07-04 09:46:01+02	1	dance	2025-08-08	1h	activity_images/danse_o2uaRt3.png	Marie Dubois	intermédiaire	Nice	20	15€	4.8	t	08:00:00	t	inside
181	Pilates Session 181	Session de pilates pour tous les niveaux.	2025-07-04 09:46:01+02	1	pilates	2025-08-30	1h30		Marie Dubois	intermédiaire	Nice	20	10€	5	t	16:00:00	t	inside
182	Swimming Session 182	Session de swimming pour tous les niveaux.	2025-07-04 09:46:01+02	1	swimming	2025-08-31	1h		Jean Moreau	intermédiaire	Marseille	20	10€	3.3	t	10:00:00	t	inside
183	Boxing Session 183	Session de boxing pour tous les niveaux.	2025-07-04 09:46:01+02	1	boxing	2025-09-01	1h		Alexandre Leroy	intermédiaire	Nice	20	10€	3.1	t	10:00:00	t	inside
184	Running Session 184	Session de running pour tous les niveaux.	2025-07-04 09:46:01+02	1	running	2025-09-02	1h30		Marie Dubois	avancé	Paris	20	10€	4	t	12:00:00	t	inside
185	Meditation Session 185	Session de meditation pour tous les niveaux.	2025-07-04 09:46:01+02	1	meditation	2025-09-03	1h30		Thomas Martin	avancé	Paris	20	15€	4.2	f	16:00:00	t	inside
197	Boxing Session 197	Session de boxing pour tous les niveaux.	2025-07-04 09:46:01+02	1	boxing	2025-07-15	1h30	activity_images/boxing_utUmQGW.png	Laura Petit	intermédiaire	Paris	20	10€	3.2	t	14:00:00	t	inside
196	Swimming Session 196	Session de swimming pour tous les niveaux.	2025-07-04 09:46:01+02	1	swimming	2025-07-14	1h	activity_images/swimming.png	Alexandre Leroy	débutant	Lyon	20	10€	4.7	t	10:00:00	t	inside
195	Running Session 195	Session de running pour tous les niveaux.	2025-07-04 09:46:01+02	1	running	2025-07-13	1h30	activity_images/running.png	Marie Dubois	avancé	Marseille	20	15€	4.4	f	10:00:00	t	inside
188	Yoga Session 188	Session de yoga pour tous les niveaux.	2025-07-04 09:46:01+02	1	yoga	2025-07-06	1h30	activity_images/yoga_z9VirUR.png	Jean Moreau	débutant	Lyon	20	Gratuit	4.7	f	12:00:00	t	inside
63	HIIT Session 063	Session de hiit pour tous les niveaux.	2025-07-04 09:46:01+02	1	hiit	2025-07-05	1h	activity_images/Hiit_dKyzOpA.png	Alexandre Leroy	avancé	Lyon	20	20€	5	t	14:00:00	t	inside
89	CrossFit Session 089	Session de crossfit pour tous les niveaux.	2025-07-04 09:46:01+02	1	crossfit	2025-07-31	1h	activity_images/cycling_vwImhTM.png	Jean Moreau	avancé	Nice	20	20€	4.5	t	08:00:00	t	inside
201	Boxe	Boxing pour tous les âges	2025-07-07 01:53:01.564351+02	16	sport de combat	2025-07-09	1h	activity_images/boxing.png	Phil	Tous niveaux	Paris	10	Gratuit	4	f	23:48:39	t	inside
200	Boxing Session 200	Session de boxing pour tous les niveaux.	2025-07-04 09:46:01+02	1	boxing	2025-07-18	1h30	activity_images/boxing_lVr0ghX.png	Thomas Martin	avancé	Toulouse	20	20€	4.1	t	10:00:00	t	inside
199	HIIT Session 199	Session de hiit pour tous les niveaux.	2025-07-04 09:46:01+02	1	hiit	2025-07-17	1h	activity_images/Hiit.png	Jean Moreau	avancé	Lyon	20	20€	4.9	f	18:00:00	t	inside
198	Meditation Session 198	Session de meditation pour tous les niveaux.	2025-07-04 09:46:01+02	1	meditation	2025-07-16	1h	activity_images/Meditation.png	Laura Petit	avancé	Nice	20	15€	3.3	t	10:00:00	t	inside
194	Swimming Session 194	Session de swimming pour tous les niveaux.	2025-07-04 09:46:01+02	1	swimming	2025-07-12	1h30	activity_images/Natation_Dynamique_à_la_Piscine_mtSNmYs.jpeg	Marie Dubois	avancé	Nice	20	10€	4.7	f	12:00:00	t	inside
193	Cycling Session 193	Session de cycling pour tous les niveaux.	2025-07-04 09:46:01+02	1	cycling	2025-07-11	1h	activity_images/cycling_vplAbNT.png	Jean Moreau	débutant	Toulouse	20	15€	3	t	18:00:00	t	inside
192	HIIT Session 192	Session de hiit pour tous les niveaux.	2025-07-04 09:46:01+02	1	hiit	2025-07-10	1h	activity_images/Hiit_ONyWnEp.png	Sophie Dubois	débutant	Paris	20	20€	4.7	f	16:00:00	t	inside
191	Meditation Session 191	Session de meditation pour tous les niveaux.	2025-07-04 09:46:01+02	1	meditation	2025-07-09	1h	activity_images/Meditation_RUaa0zR.png	Thomas Martin	débutant	Paris	20	20€	3.7	t	16:00:00	t	inside
190	Yoga Session 190	Session de yoga pour tous les niveaux.	2025-07-04 09:46:01+02	1	yoga	2025-07-08	1h30	activity_images/yoga.png	Alexandre Leroy	débutant	Lyon	20	Gratuit	4.3	f	18:00:00	t	inside
189	CrossFit Session 189	Session de crossfit pour tous les niveaux.	2025-07-04 09:46:01+02	1	crossfit	2025-07-07	1h	activity_images/crossfit.png	Jean Moreau	avancé	Paris	20	Gratuit	3.7	f	08:00:00	t	inside
186	Boxing Session 186	Session de boxing pour tous les niveaux.	2025-07-04 09:46:01+02	1	boxing	2025-09-04	1h	activity_images/boxing_ZasMiuw.png	Alexandre Leroy	débutant	Lyon	20	Gratuit	3.6	f	10:00:00	t	inside
180	Pilates Session 180	Session de pilates pour tous les niveaux.	2025-07-04 09:46:01+02	1	pilates	2025-08-29	1h	activity_images/pilate.png	Sophie Dubois	débutant	Nice	20	20€	3.1	f	08:00:00	t	inside
149	Dance Session 149	Session de dance pour tous les niveaux.	2025-07-04 09:46:01+02	1	dance	2025-07-29	1h30	activity_images/danse_60UdEQS.png	Sophie Dubois	débutant	Lyon	20	Gratuit	4.7	t	14:00:00	t	inside
130	Running Session 130	Session de running pour tous les niveaux.	2025-07-04 09:46:01+02	1	running	2025-07-10	1h	activity_images/running_Ja7fYNI.png	Alexandre Leroy	débutant	Marseille	20	20€	3.2	f	18:00:00	t	inside
103	Meditation Session 103	Session de meditation pour tous les niveaux.	2025-07-04 09:46:01+02	1	meditation	2025-08-14	1h	activity_images/Meditation_O1fk13M.png	Laura Petit	avancé	Nice	20	15€	3.3	f	12:00:00	t	inside
101	Meditation Session 101	Session de meditation pour tous les niveaux.	2025-07-04 09:46:01+02	1	meditation	2025-08-12	1h30	activity_images/Meditation_NpNn3DW.png	Sophie Dubois	avancé	Nice	20	10€	4.6	f	10:00:00	t	inside
187	Dance Session 187	Session de dance pour tous les niveaux.	2025-07-04 09:46:01+02	1	dance	2025-07-05	1h30	activity_images/danse_M52Lxmi.png	Jean Moreau	avancé	Paris	20	10€	3.9	t	14:00:00	t	inside
125	Cycling Session 125	Session de cycling pour tous les niveaux.	2025-07-04 09:46:01+02	1	cycling	2025-07-05	1h	activity_images/cycling.png	Thomas Martin	avancé	Lyon	20	20€	3.2	t	12:00:00	t	inside
\.


--
-- Data for Name: activities_activity_attendees; Type: TABLE DATA; Schema: public; Owner: sportradar_sql_user
--

COPY public.activities_activity_attendees (id, activity_id, customuser_id) FROM stdin;
1	8	1
4	1	9
5	9	9
6	3	9
8	9	1
9	134	10
11	125	10
12	1	10
13	187	10
14	125	16
17	188	16
18	65	16
19	126	16
20	198	16
21	11	16
23	152	16
24	108	16
25	50	16
26	124	16
29	1	1
30	188	1
31	1	18
32	125	18
33	64	18
34	65	18
35	188	18
36	16	18
37	28	18
38	100	18
39	44	18
40	53	18
41	62	18
42	124	18
43	125	19
44	1	19
45	126	19
46	65	19
47	11	19
48	198	19
49	199	19
50	91	19
51	105	19
52	117	19
54	61	19
55	62	19
57	125	20
90	1	20
91	64	20
92	65	20
93	201	14
94	1	16
95	200	16
97	66	16
98	64	14
99	65	14
100	5	14
101	191	14
102	129	14
103	125	5
104	63	5
105	1	5
106	2	5
107	187	5
108	143	5
109	81	5
110	146	5
111	22	5
112	152	5
113	164	5
114	105	5
115	185	5
116	124	5
117	62	5
118	2	20
119	188	20
120	126	20
121	125	2
122	63	2
123	1	2
124	2	2
125	64	2
126	197	2
127	11	2
128	199	2
129	200	2
130	146	2
131	155	2
132	164	2
133	108	2
134	46	2
135	179	2
136	117	2
137	186	2
138	62	2
139	125	11
140	63	11
141	1	11
142	2	11
143	126	11
144	187	11
145	9	11
146	195	11
147	146	11
148	84	11
149	25	11
150	99	11
151	111	11
152	52	11
153	117	11
154	179	11
155	182	11
156	185	11
157	123	11
158	61	11
159	186	11
160	62	11
161	63	1
163	187	21
164	125	21
165	2	21
166	195	21
167	9	21
168	187	16
169	65	21
170	64	21
171	73	16
172	126	21
173	188	21
176	125	14
\.


--
-- Data for Name: auth_group; Type: TABLE DATA; Schema: public; Owner: sportradar_sql_user
--

COPY public.auth_group (id, name) FROM stdin;
\.


--
-- Data for Name: auth_group_permissions; Type: TABLE DATA; Schema: public; Owner: sportradar_sql_user
--

COPY public.auth_group_permissions (id, group_id, permission_id) FROM stdin;
\.


--
-- Data for Name: auth_permission; Type: TABLE DATA; Schema: public; Owner: sportradar_sql_user
--

COPY public.auth_permission (id, name, content_type_id, codename) FROM stdin;
1	Can add log entry	1	add_logentry
2	Can change log entry	1	change_logentry
3	Can delete log entry	1	delete_logentry
4	Can view log entry	1	view_logentry
5	Can add permission	2	add_permission
6	Can change permission	2	change_permission
7	Can delete permission	2	delete_permission
8	Can view permission	2	view_permission
9	Can add group	3	add_group
10	Can change group	3	change_group
11	Can delete group	3	delete_group
12	Can view group	3	view_group
13	Can add content type	4	add_contenttype
14	Can change content type	4	change_contenttype
15	Can delete content type	4	delete_contenttype
16	Can view content type	4	view_contenttype
17	Can add session	5	add_session
18	Can change session	5	change_session
19	Can delete session	5	delete_session
20	Can view session	5	view_session
21	Can add user	6	add_customuser
22	Can change user	6	change_customuser
23	Can delete user	6	delete_customuser
24	Can view user	6	view_customuser
25	Can add activity	7	add_activity
26	Can change activity	7	change_activity
27	Can delete activity	7	delete_activity
28	Can view activity	7	view_activity
29	Can add company	8	add_company
30	Can change company	8	change_company
31	Can delete company	8	delete_company
32	Can view company	8	view_company
33	Can add plan	9	add_plan
34	Can change plan	9	change_plan
35	Can delete plan	9	delete_plan
36	Can view plan	9	view_plan
37	Can add invitation	10	add_invitation
38	Can change invitation	10	change_invitation
39	Can delete invitation	10	delete_invitation
40	Can view invitation	10	view_invitation
41	Can add subscription request	11	add_subscriptionrequest
42	Can change subscription request	11	change_subscriptionrequest
43	Can delete subscription request	11	delete_subscriptionrequest
44	Can view subscription request	11	view_subscriptionrequest
\.


--
-- Data for Name: companies_company; Type: TABLE DATA; Schema: public; Owner: sportradar_sql_user
--

COPY public.companies_company (id, name, location, image, rating, sport_zen, is_public) FROM stdin;
1	Zen Attitude Gym	Paris 11e	company_images/zen_attitude.png	4.7	t	t
2	Harmony Yoga Studio	Lyon 2e	company_images/harmony_yoga.png	4.5	t	t
3	Ocean Swim Center	Marseille 7e	company_images/ocean_swim.png	4.2	t	t
4	Peaceful Boxing Club	Bordeaux Centre	company_images/peaceful_boxing.png	4.6	t	t
5	Mindful Movement Studio	Toulouse Capitole	company_images/mindful_movement.png	4.8	t	t
6	Tranquil Pilates Hub	Nice Centre	company_images/tranquil_pilates.png	4.4	t	t
\.


--
-- Data for Name: django_admin_log; Type: TABLE DATA; Schema: public; Owner: sportradar_sql_user
--

COPY public.django_admin_log (id, action_time, object_id, object_repr, action_flag, change_message, content_type_id, user_id) FROM stdin;
1	2025-07-01 18:22:38.999855+02	22	Activité 20	2	[{"changed": {"fields": ["Image"]}}]	7	3
2	2025-07-02 06:48:56.266269+02	1	Yoga Matinal - Parc de la Tête d’Or	2	[{"changed": {"fields": ["Image"]}}]	7	3
3	2025-07-02 06:49:17.923822+02	2	Footing Urbain : Découverte de Lyon	2	[{"changed": {"fields": ["Image"]}}]	7	3
4	2025-07-02 06:49:33.449154+02	3	Circuit Training en Salle	2	[{"changed": {"fields": ["Image"]}}]	7	3
5	2025-07-02 06:49:45.801426+02	4	Natation Dynamique à la Piscine	2	[{"changed": {"fields": ["Image"]}}]	7	3
6	2025-07-02 06:49:59.802177+02	5	Pilates Doux - Studio Zen	2	[{"changed": {"fields": ["Image"]}}]	7	3
7	2025-07-02 07:53:24.65831+02	30	Zumba Party - Studio Dancefloor	2	[{"changed": {"fields": ["Image"]}}]	7	3
8	2025-07-02 07:53:34.053296+02	30	Zumba Party - Studio Dancefloor	2	[{"changed": {"fields": ["Image"]}}]	7	3
9	2025-07-02 07:53:41.32635+02	30	Zumba Party - Studio Dancefloor	2	[{"changed": {"fields": ["Image"]}}]	7	3
10	2025-07-02 07:53:54.444074+02	30	Zumba Party - Studio Dancefloor	2	[{"changed": {"fields": ["Image"]}}]	7	3
11	2025-07-02 07:54:14.120973+02	29	Yoga Nidra - Centre Bien-Être	2	[{"changed": {"fields": ["Image"]}}]	7	3
12	2025-07-02 07:54:23.799152+02	28	VTT Technique - Mont d’Or	2	[{"changed": {"fields": ["Image"]}}]	7	3
13	2025-07-02 07:54:36.158465+02	27	Marche Nordique - Parc de la Feyssine	2	[{"changed": {"fields": ["Image"]}}]	7	3
14	2025-07-02 07:54:54.580521+02	25	Boxe Thai - Dojo Spartan	2	[{"changed": {"fields": ["Image"]}}]	7	3
15	2025-07-02 07:55:18.673097+02	24	Cross Country Ski Indoor - SkiPark	2	[{"changed": {"fields": ["Image"]}}]	7	3
16	2025-07-02 07:55:31.729123+02	21	Natation Course - Club Nautique	2	[{"changed": {"fields": ["Image"]}}]	7	3
17	2025-07-02 07:55:52.1415+02	20	Fitness Cardio - Salle Vitalité	2	[{"changed": {"fields": ["Image"]}}]	7	3
18	2025-07-02 07:57:02.258608+02	19	Yoga Vinyasa - Toit-terrasse	2	[{"changed": {"fields": ["Image"]}}]	7	3
19	2025-07-02 07:57:13.680851+02	18	Running Nocturne - Quais du Rhône	2	[{"changed": {"fields": ["Image"]}}]	7	3
20	2025-07-02 07:57:28.741719+02	17	Stretching Relaxant - Studio Sérénité	2	[{"changed": {"fields": ["Image"]}}]	7	3
21	2025-07-02 07:57:39.699996+02	16	Aquaforme - Piscine Vaise	2	[{"changed": {"fields": ["Image"]}}]	7	3
22	2025-07-02 07:57:57.667928+02	15	Tennis Libre - Courts des Brotteaux	2	[{"changed": {"fields": ["Image"]}}]	7	3
23	2025-07-02 07:58:19.488841+02	14	Volley Plage - Base de Loisirs	2	[{"changed": {"fields": ["Image"]}}]	7	3
24	2025-07-02 07:58:35.161963+02	13	Foot en Salle - Arena Sport	2	[{"changed": {"fields": ["Image"]}}]	7	3
25	2025-07-02 08:02:38.033157+02	2	Footing Urbain : Découverte de Lyon	2	[{"changed": {"fields": ["Image"]}}]	7	3
26	2025-07-02 08:02:49.558177+02	3	Circuit Training en Salle	2	[{"changed": {"fields": ["Image"]}}]	7	3
27	2025-07-02 08:03:20.450303+02	4	Natation Dynamique à la Piscine	2	[{"changed": {"fields": ["Image"]}}]	7	3
28	2025-07-02 08:03:33.051708+02	5	Pilates Doux - Studio Zen	2	[{"changed": {"fields": ["Image"]}}]	7	3
29	2025-07-02 08:03:46.071039+02	6	Crossfit Challenge - Gym Pro	2	[{"changed": {"fields": ["Image"]}}]	7	3
30	2025-07-02 08:04:00.290907+02	7	Danse Contemporaine - Centre Culturel	2	[{"changed": {"fields": ["Image"]}}]	7	3
31	2025-07-02 08:04:18.79763+02	8	Boxe Fitness - Dojo Lyonnais	2	[{"changed": {"fields": ["Image"]}}]	7	3
32	2025-07-02 08:04:30.759552+02	9	Escalade Indoor - Mur Vertical	2	[{"changed": {"fields": ["Image"]}}]	7	3
33	2025-07-02 08:04:42.895344+02	10	Randonnée Urbaine - Colline Fourvière	2	[{"changed": {"fields": ["Image"]}}]	7	3
34	2025-07-02 08:04:55.782254+02	11	Vélo de Route - Vignobles du Beaujolais	2	[{"changed": {"fields": ["Image"]}}]	7	3
35	2025-07-02 08:05:10.341355+02	12	Basket 3v3 - Terrain Municipal	2	[{"changed": {"fields": ["Image"]}}]	7	3
36	2025-07-02 08:05:21.671919+02	13	Foot en Salle - Arena Sport	2	[{"changed": {"fields": ["Image"]}}]	7	3
37	2025-07-02 08:05:35.41933+02	14	Volley Plage - Base de Loisirs	2	[{"changed": {"fields": ["Image"]}}]	7	3
38	2025-07-02 08:05:59.521326+02	17	Stretching Relaxant - Studio Sérénité	2	[{"changed": {"fields": ["Image"]}}]	7	3
39	2025-07-02 08:14:52.144587+02	31	Acqua RPM	1	[{"added": {}}]	7	3
40	2025-07-03 14:48:37.392386+02	7	nadine@yahoo.fr	1	[{"added": {}}]	6	3
41	2025-07-03 14:50:25.139966+02	7	bernisse@yahoo.fr	2	[{"changed": {"fields": ["Email", "Username"]}}]	6	3
42	2025-07-03 14:52:08.119109+02	8	nadine@yahoo.fr	1	[{"added": {}}]	6	3
43	2025-07-04 00:27:35.053178+02	11	sady@yahoo.fr	1	[{"added": {}}]	6	3
44	2025-07-04 00:30:15.199339+02	11	sady@yahoo.fr	2	[{"changed": {"fields": ["User permissions"]}}]	6	3
45	2025-07-04 01:15:33.490197+02	1	admin@yahoo.fr	2	[{"changed": {"fields": ["Staff status", "Superuser status"]}}]	6	3
46	2025-07-04 14:10:39.140825+02	200	Boxing Session 200	2	[{"changed": {"fields": ["Image"]}}]	7	3
47	2025-07-04 14:10:53.884443+02	199	HIIT Session 199	2	[{"changed": {"fields": ["Image"]}}]	7	3
48	2025-07-04 14:11:16.702258+02	198	Meditation Session 198	2	[{"changed": {"fields": ["Image"]}}]	7	3
49	2025-07-04 14:11:31.882471+02	197	Boxing Session 197	2	[{"changed": {"fields": ["Image"]}}]	7	3
50	2025-07-04 14:11:46.479182+02	196	Swimming Session 196	2	[{"changed": {"fields": ["Image"]}}]	7	3
51	2025-07-07 01:53:01.586876+02	201	Boxe	1	[{"added": {}}]	7	3
52	2025-07-09 18:23:57.952367+02	187	Dance Session 187	2	[{"changed": {"fields": ["Image"]}}]	7	3
53	2025-07-09 18:24:20.201375+02	125	Cycling Session 125	2	[{"changed": {"fields": ["Image"]}}]	7	3
54	2025-07-09 18:24:49.473766+02	201	Boxe	2	[{"changed": {"fields": ["Image"]}}]	7	3
55	2025-07-09 18:25:02.940605+02	200	Boxing Session 200	2	[{"changed": {"fields": ["Image"]}}]	7	3
56	2025-07-09 18:25:33.424859+02	199	HIIT Session 199	2	[{"changed": {"fields": ["Image"]}}]	7	3
57	2025-07-09 18:25:43.835348+02	198	Meditation Session 198	2	[{"changed": {"fields": ["Image"]}}]	7	3
58	2025-07-09 18:26:01.725422+02	197	Boxing Session 197	2	[{"changed": {"fields": ["Image"]}}]	7	3
59	2025-07-09 18:26:17.927187+02	196	Swimming Session 196	2	[{"changed": {"fields": ["Image"]}}]	7	3
60	2025-07-09 18:26:35.8917+02	195	Running Session 195	2	[{"changed": {"fields": ["Image"]}}]	7	3
61	2025-07-09 18:26:48.8543+02	194	Swimming Session 194	2	[{"changed": {"fields": ["Image"]}}]	7	3
62	2025-07-09 18:27:03.01121+02	193	Cycling Session 193	2	[{"changed": {"fields": ["Image"]}}]	7	3
63	2025-07-09 18:27:16.630969+02	192	HIIT Session 192	2	[{"changed": {"fields": ["Image"]}}]	7	3
64	2025-07-09 18:27:31.400931+02	191	Meditation Session 191	2	[{"changed": {"fields": ["Image"]}}]	7	3
65	2025-07-09 18:27:53.678237+02	190	Yoga Session 190	2	[{"changed": {"fields": ["Image"]}}]	7	3
66	2025-07-09 18:29:01.456794+02	189	CrossFit Session 189	2	[{"changed": {"fields": ["Image"]}}]	7	3
67	2025-07-09 18:29:28.276515+02	188	Yoga Session 188	2	[{"changed": {"fields": ["Image"]}}]	7	3
68	2025-07-09 18:29:46.500234+02	187	Dance Session 187	2	[{"changed": {"fields": ["Image"]}}]	7	3
69	2025-07-09 18:30:04.138606+02	186	Boxing Session 186	2	[{"changed": {"fields": ["Image"]}}]	7	3
70	2025-07-09 18:30:22.051261+02	180	Pilates Session 180	2	[{"changed": {"fields": ["Image"]}}]	7	3
71	2025-07-09 18:30:39.943384+02	149	Dance Session 149	2	[{"changed": {"fields": ["Image"]}}]	7	3
72	2025-07-09 18:30:54.44039+02	159	Dance Session 159	2	[{"changed": {"fields": ["Image"]}}]	7	3
73	2025-07-09 18:31:53.289284+02	130	Running Session 130	2	[{"changed": {"fields": ["Image"]}}]	7	3
74	2025-07-09 18:32:10.598539+02	138	Yoga Session 138	2	[{"changed": {"fields": ["Image"]}}]	7	3
75	2025-07-09 18:32:28.904614+02	103	Meditation Session 103	2	[{"changed": {"fields": ["Image"]}}]	7	3
76	2025-07-09 18:32:47.777119+02	101	Meditation Session 101	2	[{"changed": {"fields": ["Image"]}}]	7	3
77	2025-07-09 18:32:57.456308+02	100	Dance Session 100	2	[{"changed": {"fields": ["Image"]}}]	7	3
78	2025-07-09 18:33:14.956021+02	99	Yoga Session 099	2	[{"changed": {"fields": ["Image"]}}]	7	3
79	2025-07-09 18:33:50.487452+02	98	Swimming Session 098	2	[{"changed": {"fields": ["Image"]}}]	7	3
80	2025-07-09 18:34:01.759643+02	97	Dance Session 097	2	[{"changed": {"fields": ["Image"]}}]	7	3
81	2025-07-09 18:34:13.138795+02	96	HIIT Session 096	2	[{"changed": {"fields": ["Image"]}}]	7	3
82	2025-07-09 18:34:27.442219+02	82	Pilates Session 082	2	[{"changed": {"fields": ["Image"]}}]	7	3
83	2025-07-09 18:34:41.88675+02	89	CrossFit Session 089	2	[{"changed": {"fields": ["Image"]}}]	7	3
84	2025-07-09 18:35:39.026712+02	187	Dance Session 187	2	[{"changed": {"fields": ["Image"]}}]	7	3
85	2025-07-09 18:35:51.659388+02	125	Cycling Session 125	2	[]	7	3
86	2025-07-09 18:36:03.436626+02	63	HIIT Session 063	2	[{"changed": {"fields": ["Image"]}}]	7	3
87	2025-07-09 18:36:12.799085+02	1	HIIT Session 001	2	[{"changed": {"fields": ["Image"]}}]	7	3
\.


--
-- Data for Name: django_content_type; Type: TABLE DATA; Schema: public; Owner: sportradar_sql_user
--

COPY public.django_content_type (id, app_label, model) FROM stdin;
1	admin	logentry
2	auth	permission
3	auth	group
4	contenttypes	contenttype
5	sessions	session
6	users	customuser
7	activities	activity
8	companies	company
9	companies	plan
10	companies	invitation
11	subscriptions	subscriptionrequest
\.


--
-- Data for Name: django_migrations; Type: TABLE DATA; Schema: public; Owner: sportradar_sql_user
--

COPY public.django_migrations (id, app, name, applied) FROM stdin;
1	contenttypes	0001_initial	2025-06-26 12:22:15.568148+02
2	contenttypes	0002_remove_content_type_name	2025-06-26 12:22:15.573204+02
3	auth	0001_initial	2025-06-26 12:22:15.608676+02
4	auth	0002_alter_permission_name_max_length	2025-06-26 12:22:15.612676+02
5	auth	0003_alter_user_email_max_length	2025-06-26 12:22:15.616476+02
6	auth	0004_alter_user_username_opts	2025-06-26 12:22:15.619682+02
7	auth	0005_alter_user_last_login_null	2025-06-26 12:22:15.623194+02
8	auth	0006_require_contenttypes_0002	2025-06-26 12:22:15.624194+02
9	auth	0007_alter_validators_add_error_messages	2025-06-26 12:22:15.626194+02
10	auth	0008_alter_user_username_max_length	2025-06-26 12:22:15.63183+02
11	auth	0009_alter_user_last_name_max_length	2025-06-26 12:22:15.634969+02
12	auth	0010_alter_group_name_max_length	2025-06-26 12:22:15.641235+02
13	auth	0011_update_proxy_permissions	2025-06-26 12:22:15.644991+02
14	auth	0012_alter_user_first_name_max_length	2025-06-26 12:22:15.647352+02
15	users	0001_initial	2025-06-26 12:22:15.687226+02
16	admin	0001_initial	2025-06-26 12:22:15.705201+02
17	admin	0002_logentry_remove_auto_add	2025-06-26 12:22:15.709606+02
18	admin	0003_logentry_add_action_flag_choices	2025-06-26 12:22:15.71386+02
19	sessions	0001_initial	2025-06-26 12:22:15.724534+02
20	activities	0001_initial	2025-06-26 14:47:58.801874+02
21	activities	0002_activity_created_by	2025-06-27 06:42:43.741887+02
22	activities	0003_activity_category_activity_date_activity_duration_and_more	2025-06-27 07:10:05.907621+02
23	activities	0004_alter_activity_image	2025-06-30 22:55:57.259536+02
24	users	0002_customuser_avatar_alter_customuser_preferences	2025-06-30 22:55:57.298534+02
25	activities	0005_activity_is_public	2025-07-03 14:19:24.677208+02
26	activities	0006_remove_activity_participants_activity_attendees_and_more	2025-07-04 09:39:42.205209+02
27	activities	0007_alter_activity_options	2025-07-08 12:48:30.88736+02
28	companies	0001_initial	2025-07-08 12:48:31.006682+02
29	subscriptions	0001_initial	2025-07-13 18:33:45.069518+02
30	subscriptions	0002_remove_subscriptionrequest_user_and_more	2025-07-13 19:47:44.769713+02
31	companies	0002_remove_company_plan_remove_invitation_company_and_more	2025-07-13 22:13:40.704038+02
32	activities	0008_alter_activity_options	2025-07-14 02:50:27.678601+02
33	subscriptions	0003_alter_subscriptionrequest_options	2025-07-14 02:50:27.698822+02
34	users	0003_alter_customuser_options	2025-07-14 02:50:27.712344+02
35	activities	0009_activity_venue	2025-07-15 00:43:25.269814+02
36	activities	0010_alter_activity_venue	2025-07-15 00:48:52.588984+02
37	companies	0003_initial	2025-07-15 08:54:46.740357+02
\.


--
-- Data for Name: django_session; Type: TABLE DATA; Schema: public; Owner: sportradar_sql_user
--

COPY public.django_session (session_key, session_data, expire_date) FROM stdin;
fi3v3t34l8voftfj6cnuzd6iqh0hhjfi	.eJxVjEEOwiAQRe_C2hBgIIBL956BzMAgVUOT0q6Md9cmXej2v_f-SyTc1pa2wUuaijgLEKffjTA_uO-g3LHfZpnnvi4TyV2RBx3yOhd-Xg7376DhaN9aq4DVZ2YmNhCrcREArdZe5UAxF6NDBPbWaW2sr4EVGCKsGFHF6sT7A-SoN9E:1uV1dc:urFET6ieheRhcnGzmvl3Q6ioNtdaY1biiTnZTRD6AiU	2025-07-11 07:28:36.409995+02
9jre4611bv4my236sxigms7o4mq8w7q5	.eJxVjEEOwiAQRe_C2hBgIIBL956BzMAgVUOT0q6Md9cmXej2v_f-SyTc1pa2wUuaijgLEKffjTA_uO-g3LHfZpnnvi4TyV2RBx3yOhd-Xg7376DhaN9aq4DVZ2YmNhCrcREArdZe5UAxF6NDBPbWaW2sr4EVGCKsGFHF6sT7A-SoN9E:1uWJcQ:oED6T6T4Zcn3EEk2__KJUMxqcWqE-u9p8m-GAXJbBbg	2025-07-14 20:52:42.453335+02
lfnhrmm2ojw6hel602l43tw8lpy4h29x	.eJxVjEEOwiAQRe_C2hBgIIBL956BzMAgVUOT0q6Md9cmXej2v_f-SyTc1pa2wUuaijgLEKffjTA_uO-g3LHfZpnnvi4TyV2RBx3yOhd-Xg7376DhaN9aq4DVZ2YmNhCrcREArdZe5UAxF6NDBPbWaW2sr4EVGCKsGFHF6sT7A-SoN9E:1uWdiG:72Rg418EKndX8dyuUlu8pcHFbrqJFE-9n5P91onHtWs	2025-07-15 18:20:04.183748+02
\.


--
-- Data for Name: subscriptions_subscriptionrequest; Type: TABLE DATA; Schema: public; Owner: sportradar_sql_user
--

COPY public.subscriptions_subscriptionrequest (id, plan, company_name, admin_name, email, phone, message, created_at, created_by_id) FROM stdin;
1	basic	Joa_Company	Shams	js@yahoo.fr	+33614828584	10 abonnés	2025-07-13 22:23:04.777184+02	\N
2	basic	Joa2	Joa	joa2@yahoo.fr	0614828584	abonnement de base	2025-07-13 22:30:12.124603+02	\N
3	enterprise	Joa2	Joa	joa2@yahoo.fr	0614828584	abonnemnt sur mesure	2025-07-13 22:48:02.699905+02	\N
4	enterprise	Sport_radar	radar	rad@yahoo.fr	+33614858284	Abonnement de 15 pour notre société	2025-07-14 09:11:44.997747+02	\N
5	basic	es-company	Elda	eld@yahoo.fr	+33614858284	cool pour expérienter	2025-07-15 10:39:14.759388+02	\N
6	intermediate	Elie_corporate	Selemani	selemani@yahoo.fr	+2438140588	Alors	2025-07-15 11:16:40.413342+02	\N
7	basic	Vanny-Company	Kakis	kis@yahoo.fr	+243997015862	Abonnement de base	2025-07-15 22:34:28.68766+02	\N
\.


--
-- Data for Name: users_customuser; Type: TABLE DATA; Schema: public; Owner: sportradar_sql_user
--

COPY public.users_customuser (id, password, last_login, is_superuser, username, first_name, last_name, is_staff, is_active, date_joined, email, type, preferences, avatar) FROM stdin;
3	pbkdf2_sha256$1000000$9Ggn8pfIP5RzscipvjPPxE$ipPoi0mLUpOx3rzelKk0peizXLSYXFobS6BZExpJbHw=	2025-07-01 18:20:04.180615+02	t	Joa			t	t	2025-06-27 07:27:56.866997+02	joa.shamu@yahoo.fr		{"level": "avancé", "location": "Lyon"}	
1	pbkdf2_sha256$1000000$NMguUbtdwQNtIfbIoKj6Go$UxABrJb6X6R5JuWqceyfrL8jtjQLxQYOZudF1T/iUgU=	\N	t	admin			t	t	2025-06-26 13:11:27.434313+02	admin@yahoo.fr	personal	{"level": "avancé", "location": "Paris", "activities": ["yoga", "Danse Salsa - Club Latina"], "objectives": ["Endurance cardio", "Bien-être général"]}	
5	pbkdf2_sha256$1000000$yTZvPkqB8PFC7MjKNQYfx2$tDq8beAXk0D2+FMaQez9bhPSfJKokn/bEcdfh4iK/rU=	\N	f	eLIE			f	t	2025-07-01 23:17:11.066795+02	elie@yahoo.fr	personal	{"level": "avancé", "location": "Paris", "activities": ["yoga", "Danse Salsa - Club Latina"], "objectives": ["Réduction du stress", "Bien-être général"]}	
2	pbkdf2_sha256$1000000$R7g8znr8FYUbojYaEXm8fy$4YCV0bamGkM8K9cN2vLDq/8KFLCyDNjgSRZif5xuMN8=	\N	f	Rayan			f	t	2025-06-26 14:35:05.44431+02	rayan@yahoo.fr	personal	{"level": "avancé", "location": "Liban", "activities": ["yoga"]}	\N
15	pbkdf2_sha256$1000000$5HwezzEwiL0fc8h9cpoPrx$+8HxdDS6yIj4Wbe1E56adBbEfJEDzAwKiIuCZHS33cQ=	\N	f	sdb1			f	t	2025-07-04 01:18:34.337323+02	sdb1@yahoo.fr	business	{}	
9	pbkdf2_sha256$1000000$bfEfHaEos8CEEbJB44UWXU$6ninoHXt4CuxG2VMGAuGLqbVLrDVRwkSL+lXLIy/Zf4=	\N	f	Genon			f	t	2025-07-03 18:51:22.023355+02	genon@yahoo.fr	personal	{"level": "débutant", "location": "Paris", "objectives": ["Endurance cardio"]}	
4	pbkdf2_sha256$1000000$kvanDfRAZecpFxjy6gcEmo$EiUxiZWl5pVg2tpvcsy51OY0UKLxY7PWC8O2Zk+4AuI=	\N	f	business1			f	t	2025-06-27 07:57:26.211411+02	biz1@example.com	business	{}	\N
7	pbkdf2_sha256$1000000$5UatycyxX3frCVZat1O4Vz$EsZoEb7NIp4CQfE/dw5oHrGpQ6InQObaNoZQbWCJ7d8=	\N	f	Ber			f	t	2025-07-03 14:48:36.673431+02	bernisse@yahoo.fr	personal	{}	
8	pbkdf2_sha256$1000000$WpsTmUbjv2zp5qD5GMw2i1$wGNokBNjQxp/diAQKKnseQBlqRz2tXea5eDv4xtsZeU=	\N	f	Nadine			f	t	2025-07-03 14:52:07.440227+02	nadine@yahoo.fr	business	{}	
11	pbkdf2_sha256$1000000$OjkLHmYJHtdsQnSGOofaR3$3tFGft5q5Y1xvCl2TbdOhvjndPLXqN6zAi12ofM3bFw=	\N	f	Sady			f	t	2025-07-04 00:27:34.335642+02	sady@yahoo.fr	business	{}	
16	pbkdf2_sha256$1000000$SmsYJnvFVLcuYZ4s6HwzD8$6Wle+TeNGC/H8FPh0ERsnWcWenXGJUybuivT/YULM6E=	\N	f	Bebeco			f	t	2025-07-04 12:12:31.263132+02	beco@yahoo.fr	personal	{"level": "intermédiaire", "location": "Lyon", "activities": [], "objectives": ["Perte de poids", "Amélioration de la flexibilité"]}	
12	pbkdf2_sha256$1000000$udsZAgrYNRUETTNzvY6e73$isydybRlEcogbL+MAatq9I+YdMzyLcxKVcYdRkAGIB4=	\N	f	sdb			f	t	2025-07-04 00:31:55.811266+02	shamu@yahoo.fr	personal	{"level": "débutant", "location": "Paris", "activities": ["yoga"], "objectives": ["Renforcement musculaire", "Réduction du stress"]}	
22	pbkdf2_sha256$1000000$dnh9sH2UvSzBXpQk3aK2NK$0Jwhfl49R9Dvo5716WPzqWuKbUOeKXGZjeFI5RHPI2s=	\N	f	Joshua_Ministry			f	t	2025-07-11 18:33:46.197162+02	didier@yahoo.fr	personal	{"level": "débutant", "location": "Paris", "activities": ["yoga"], "objectives": ["Renforcement musculaire", "Réduction du stress"]}	
14	pbkdf2_sha256$1000000$1wRDVmQfyFHD5nXA7qDW10$EMrM5XXSSfmumTpgDstT4igIOP2yBTUcWZBk+jCQPKw=	\N	f	Jiji			f	t	2025-07-04 01:05:03.887926+02	jiji@yahoo.fr	business	{"level": "", "location": "", "activities": [], "objectives": ["Réduction du stress"]}	
18	pbkdf2_sha256$1000000$JX4kE2EHN2ymZabiLDBnMB$Cx6Y2X2sAgM96QI9Q6jn5ewTBNWsfnsIM/uRG6unIHE=	\N	f	Joa1			f	t	2025-07-05 08:06:08.362587+02	joa1@yahoo.fr	personal	{"level": "", "location": "", "objectives": []}	
13	pbkdf2_sha256$1000000$UVmkyCDic7RhGINATlmdw7$vOHUQmrhzZ9CVdNgbr6Ut6NsARzowq2iW4PZG9dc98c=	\N	f	Louis			f	t	2025-07-04 01:02:05.474174+02	louis@yahoo.fr	personal	{"level": "avancé", "location": "Marseille", "objectives": ["Réduction du stress", "Amélioration de la flexibilité"]}	
10	pbkdf2_sha256$1000000$TRHTEXbF8rm6YOx2SBmcDL$4gsiisF8/8iEXsJm4lgULjisq7ZridkWQTNWZva/3zY=	\N	f	pol			f	t	2025-07-03 18:54:02.474181+02	pol@yahoo.fr	business	{"level": "intermédiaire", "location": "Lilles", "objectives": ["Renforcement musculaire", "Endurance cardio"]}	
20	pbkdf2_sha256$1000000$VYyCfzlxFdOtCE5abDMwLO$bpR2x32pE9A6tJWk4UcPK3HS7+ZcjKfw+lnywwzfi5k=	\N	f	Phil			f	t	2025-07-07 00:58:59.667806+02	phil@yahoo.fr	personal	{}	
17	pbkdf2_sha256$1000000$94yA4QlPa6mayemefOIFwR$JuHA2Utv9yIvtN0krdGjNDcbRCkyiTEM5IESeeU6xCI=	\N	f	1			f	t	2025-07-05 07:55:34.295482+02	1@yahoo.fr	personal	{"level": "débutant", "location": "Paris", "objectives": ["Perte de poids", "Endurance cardio"]}	
19	pbkdf2_sha256$1000000$jFSEtm3pz7CKWHKHF511zo$bxGovTcstdjhVjeNABzi1B4uoPgRqL1pgPSma5Cs/HQ=	\N	f	Joa2			f	t	2025-07-05 08:19:32.233159+02	Joa2@yahoo.fr	personal	{"level": "avancé", "location": "Lyon", "activities": [], "objectives": ["Réduction du stress", "Amélioration de la flexibilité"]}	
21	pbkdf2_sha256$1000000$z4kO3BnUz5x9m10FGQUyRO$R0m+UQiWXTr6NezETMJrG3VTEC3Hpxew1rGGTDi+rHo=	\N	f	Alex			f	t	2025-07-09 20:34:29.985193+02	alex@yahoo.fr	personal	{"level": "avancé", "location": "Marseille", "activities": ["yoga"], "objectives": ["Perte de poids", "Endurance cardio", "Amélioration de la flexibilité"]}	
\.


--
-- Data for Name: users_customuser_groups; Type: TABLE DATA; Schema: public; Owner: sportradar_sql_user
--

COPY public.users_customuser_groups (id, customuser_id, group_id) FROM stdin;
\.


--
-- Data for Name: users_customuser_user_permissions; Type: TABLE DATA; Schema: public; Owner: sportradar_sql_user
--

COPY public.users_customuser_user_permissions (id, customuser_id, permission_id) FROM stdin;
1	11	24
2	11	21
3	11	22
4	11	23
\.


--
-- Name: activities_activity_attendees_id_seq; Type: SEQUENCE SET; Schema: public; Owner: sportradar_sql_user
--

SELECT pg_catalog.setval('public.activities_activity_attendees_id_seq', 176, true);


--
-- Name: activities_activity_id_seq; Type: SEQUENCE SET; Schema: public; Owner: sportradar_sql_user
--

SELECT pg_catalog.setval('public.activities_activity_id_seq', 201, true);


--
-- Name: auth_group_id_seq; Type: SEQUENCE SET; Schema: public; Owner: sportradar_sql_user
--

SELECT pg_catalog.setval('public.auth_group_id_seq', 1, false);


--
-- Name: auth_group_permissions_id_seq; Type: SEQUENCE SET; Schema: public; Owner: sportradar_sql_user
--

SELECT pg_catalog.setval('public.auth_group_permissions_id_seq', 1, false);


--
-- Name: auth_permission_id_seq; Type: SEQUENCE SET; Schema: public; Owner: sportradar_sql_user
--

SELECT pg_catalog.setval('public.auth_permission_id_seq', 44, true);


--
-- Name: companies_company_id_seq; Type: SEQUENCE SET; Schema: public; Owner: sportradar_sql_user
--

SELECT pg_catalog.setval('public.companies_company_id_seq', 6, true);


--
-- Name: django_admin_log_id_seq; Type: SEQUENCE SET; Schema: public; Owner: sportradar_sql_user
--

SELECT pg_catalog.setval('public.django_admin_log_id_seq', 87, true);


--
-- Name: django_content_type_id_seq; Type: SEQUENCE SET; Schema: public; Owner: sportradar_sql_user
--

SELECT pg_catalog.setval('public.django_content_type_id_seq', 11, true);


--
-- Name: django_migrations_id_seq; Type: SEQUENCE SET; Schema: public; Owner: sportradar_sql_user
--

SELECT pg_catalog.setval('public.django_migrations_id_seq', 37, true);


--
-- Name: subscriptions_subscriptionrequest_id_seq; Type: SEQUENCE SET; Schema: public; Owner: sportradar_sql_user
--

SELECT pg_catalog.setval('public.subscriptions_subscriptionrequest_id_seq', 7, true);


--
-- Name: users_customuser_groups_id_seq; Type: SEQUENCE SET; Schema: public; Owner: sportradar_sql_user
--

SELECT pg_catalog.setval('public.users_customuser_groups_id_seq', 1, false);


--
-- Name: users_customuser_id_seq; Type: SEQUENCE SET; Schema: public; Owner: sportradar_sql_user
--

SELECT pg_catalog.setval('public.users_customuser_id_seq', 22, true);


--
-- Name: users_customuser_user_permissions_id_seq; Type: SEQUENCE SET; Schema: public; Owner: sportradar_sql_user
--

SELECT pg_catalog.setval('public.users_customuser_user_permissions_id_seq', 4, true);


--
-- Name: activities_activity_attendees activities_activity_atte_activity_id_customuser_i_7108d857_uniq; Type: CONSTRAINT; Schema: public; Owner: sportradar_sql_user
--

ALTER TABLE ONLY public.activities_activity_attendees
    ADD CONSTRAINT activities_activity_atte_activity_id_customuser_i_7108d857_uniq UNIQUE (activity_id, customuser_id);


--
-- Name: activities_activity_attendees activities_activity_attendees_pkey; Type: CONSTRAINT; Schema: public; Owner: sportradar_sql_user
--

ALTER TABLE ONLY public.activities_activity_attendees
    ADD CONSTRAINT activities_activity_attendees_pkey PRIMARY KEY (id);


--
-- Name: activities_activity activities_activity_name_key; Type: CONSTRAINT; Schema: public; Owner: sportradar_sql_user
--

ALTER TABLE ONLY public.activities_activity
    ADD CONSTRAINT activities_activity_name_key UNIQUE (name);


--
-- Name: activities_activity activities_activity_pkey; Type: CONSTRAINT; Schema: public; Owner: sportradar_sql_user
--

ALTER TABLE ONLY public.activities_activity
    ADD CONSTRAINT activities_activity_pkey PRIMARY KEY (id);


--
-- Name: auth_group auth_group_name_key; Type: CONSTRAINT; Schema: public; Owner: sportradar_sql_user
--

ALTER TABLE ONLY public.auth_group
    ADD CONSTRAINT auth_group_name_key UNIQUE (name);


--
-- Name: auth_group_permissions auth_group_permissions_group_id_permission_id_0cd325b0_uniq; Type: CONSTRAINT; Schema: public; Owner: sportradar_sql_user
--

ALTER TABLE ONLY public.auth_group_permissions
    ADD CONSTRAINT auth_group_permissions_group_id_permission_id_0cd325b0_uniq UNIQUE (group_id, permission_id);


--
-- Name: auth_group_permissions auth_group_permissions_pkey; Type: CONSTRAINT; Schema: public; Owner: sportradar_sql_user
--

ALTER TABLE ONLY public.auth_group_permissions
    ADD CONSTRAINT auth_group_permissions_pkey PRIMARY KEY (id);


--
-- Name: auth_group auth_group_pkey; Type: CONSTRAINT; Schema: public; Owner: sportradar_sql_user
--

ALTER TABLE ONLY public.auth_group
    ADD CONSTRAINT auth_group_pkey PRIMARY KEY (id);


--
-- Name: auth_permission auth_permission_content_type_id_codename_01ab375a_uniq; Type: CONSTRAINT; Schema: public; Owner: sportradar_sql_user
--

ALTER TABLE ONLY public.auth_permission
    ADD CONSTRAINT auth_permission_content_type_id_codename_01ab375a_uniq UNIQUE (content_type_id, codename);


--
-- Name: auth_permission auth_permission_pkey; Type: CONSTRAINT; Schema: public; Owner: sportradar_sql_user
--

ALTER TABLE ONLY public.auth_permission
    ADD CONSTRAINT auth_permission_pkey PRIMARY KEY (id);


--
-- Name: companies_company companies_company_pkey; Type: CONSTRAINT; Schema: public; Owner: sportradar_sql_user
--

ALTER TABLE ONLY public.companies_company
    ADD CONSTRAINT companies_company_pkey PRIMARY KEY (id);


--
-- Name: django_admin_log django_admin_log_pkey; Type: CONSTRAINT; Schema: public; Owner: sportradar_sql_user
--

ALTER TABLE ONLY public.django_admin_log
    ADD CONSTRAINT django_admin_log_pkey PRIMARY KEY (id);


--
-- Name: django_content_type django_content_type_app_label_model_76bd3d3b_uniq; Type: CONSTRAINT; Schema: public; Owner: sportradar_sql_user
--

ALTER TABLE ONLY public.django_content_type
    ADD CONSTRAINT django_content_type_app_label_model_76bd3d3b_uniq UNIQUE (app_label, model);


--
-- Name: django_content_type django_content_type_pkey; Type: CONSTRAINT; Schema: public; Owner: sportradar_sql_user
--

ALTER TABLE ONLY public.django_content_type
    ADD CONSTRAINT django_content_type_pkey PRIMARY KEY (id);


--
-- Name: django_migrations django_migrations_pkey; Type: CONSTRAINT; Schema: public; Owner: sportradar_sql_user
--

ALTER TABLE ONLY public.django_migrations
    ADD CONSTRAINT django_migrations_pkey PRIMARY KEY (id);


--
-- Name: django_session django_session_pkey; Type: CONSTRAINT; Schema: public; Owner: sportradar_sql_user
--

ALTER TABLE ONLY public.django_session
    ADD CONSTRAINT django_session_pkey PRIMARY KEY (session_key);


--
-- Name: subscriptions_subscriptionrequest subscriptions_subscriptionrequest_pkey; Type: CONSTRAINT; Schema: public; Owner: sportradar_sql_user
--

ALTER TABLE ONLY public.subscriptions_subscriptionrequest
    ADD CONSTRAINT subscriptions_subscriptionrequest_pkey PRIMARY KEY (id);


--
-- Name: users_customuser users_customuser_email_key; Type: CONSTRAINT; Schema: public; Owner: sportradar_sql_user
--

ALTER TABLE ONLY public.users_customuser
    ADD CONSTRAINT users_customuser_email_key UNIQUE (email);


--
-- Name: users_customuser_groups users_customuser_groups_customuser_id_group_id_76b619e3_uniq; Type: CONSTRAINT; Schema: public; Owner: sportradar_sql_user
--

ALTER TABLE ONLY public.users_customuser_groups
    ADD CONSTRAINT users_customuser_groups_customuser_id_group_id_76b619e3_uniq UNIQUE (customuser_id, group_id);


--
-- Name: users_customuser_groups users_customuser_groups_pkey; Type: CONSTRAINT; Schema: public; Owner: sportradar_sql_user
--

ALTER TABLE ONLY public.users_customuser_groups
    ADD CONSTRAINT users_customuser_groups_pkey PRIMARY KEY (id);


--
-- Name: users_customuser users_customuser_pkey; Type: CONSTRAINT; Schema: public; Owner: sportradar_sql_user
--

ALTER TABLE ONLY public.users_customuser
    ADD CONSTRAINT users_customuser_pkey PRIMARY KEY (id);


--
-- Name: users_customuser_user_permissions users_customuser_user_pe_customuser_id_permission_7a7debf6_uniq; Type: CONSTRAINT; Schema: public; Owner: sportradar_sql_user
--

ALTER TABLE ONLY public.users_customuser_user_permissions
    ADD CONSTRAINT users_customuser_user_pe_customuser_id_permission_7a7debf6_uniq UNIQUE (customuser_id, permission_id);


--
-- Name: users_customuser_user_permissions users_customuser_user_permissions_pkey; Type: CONSTRAINT; Schema: public; Owner: sportradar_sql_user
--

ALTER TABLE ONLY public.users_customuser_user_permissions
    ADD CONSTRAINT users_customuser_user_permissions_pkey PRIMARY KEY (id);


--
-- Name: users_customuser users_customuser_username_key; Type: CONSTRAINT; Schema: public; Owner: sportradar_sql_user
--

ALTER TABLE ONLY public.users_customuser
    ADD CONSTRAINT users_customuser_username_key UNIQUE (username);


--
-- Name: activities_activity_attendees_activity_id_bf9e3b8a; Type: INDEX; Schema: public; Owner: sportradar_sql_user
--

CREATE INDEX activities_activity_attendees_activity_id_bf9e3b8a ON public.activities_activity_attendees USING btree (activity_id);


--
-- Name: activities_activity_attendees_customuser_id_3440fc26; Type: INDEX; Schema: public; Owner: sportradar_sql_user
--

CREATE INDEX activities_activity_attendees_customuser_id_3440fc26 ON public.activities_activity_attendees USING btree (customuser_id);


--
-- Name: activities_activity_created_by_id_b5334206; Type: INDEX; Schema: public; Owner: sportradar_sql_user
--

CREATE INDEX activities_activity_created_by_id_b5334206 ON public.activities_activity USING btree (created_by_id);


--
-- Name: activities_activity_name_5ebe762e_like; Type: INDEX; Schema: public; Owner: sportradar_sql_user
--

CREATE INDEX activities_activity_name_5ebe762e_like ON public.activities_activity USING btree (name varchar_pattern_ops);


--
-- Name: auth_group_name_a6ea08ec_like; Type: INDEX; Schema: public; Owner: sportradar_sql_user
--

CREATE INDEX auth_group_name_a6ea08ec_like ON public.auth_group USING btree (name varchar_pattern_ops);


--
-- Name: auth_group_permissions_group_id_b120cbf9; Type: INDEX; Schema: public; Owner: sportradar_sql_user
--

CREATE INDEX auth_group_permissions_group_id_b120cbf9 ON public.auth_group_permissions USING btree (group_id);


--
-- Name: auth_group_permissions_permission_id_84c5c92e; Type: INDEX; Schema: public; Owner: sportradar_sql_user
--

CREATE INDEX auth_group_permissions_permission_id_84c5c92e ON public.auth_group_permissions USING btree (permission_id);


--
-- Name: auth_permission_content_type_id_2f476e4b; Type: INDEX; Schema: public; Owner: sportradar_sql_user
--

CREATE INDEX auth_permission_content_type_id_2f476e4b ON public.auth_permission USING btree (content_type_id);


--
-- Name: django_admin_log_content_type_id_c4bce8eb; Type: INDEX; Schema: public; Owner: sportradar_sql_user
--

CREATE INDEX django_admin_log_content_type_id_c4bce8eb ON public.django_admin_log USING btree (content_type_id);


--
-- Name: django_admin_log_user_id_c564eba6; Type: INDEX; Schema: public; Owner: sportradar_sql_user
--

CREATE INDEX django_admin_log_user_id_c564eba6 ON public.django_admin_log USING btree (user_id);


--
-- Name: django_session_expire_date_a5c62663; Type: INDEX; Schema: public; Owner: sportradar_sql_user
--

CREATE INDEX django_session_expire_date_a5c62663 ON public.django_session USING btree (expire_date);


--
-- Name: django_session_session_key_c0390e0f_like; Type: INDEX; Schema: public; Owner: sportradar_sql_user
--

CREATE INDEX django_session_session_key_c0390e0f_like ON public.django_session USING btree (session_key varchar_pattern_ops);


--
-- Name: subscriptions_subscriptionrequest_created_by_id_c39c3988; Type: INDEX; Schema: public; Owner: sportradar_sql_user
--

CREATE INDEX subscriptions_subscriptionrequest_created_by_id_c39c3988 ON public.subscriptions_subscriptionrequest USING btree (created_by_id);


--
-- Name: users_customuser_email_6445acef_like; Type: INDEX; Schema: public; Owner: sportradar_sql_user
--

CREATE INDEX users_customuser_email_6445acef_like ON public.users_customuser USING btree (email varchar_pattern_ops);


--
-- Name: users_customuser_groups_customuser_id_958147bf; Type: INDEX; Schema: public; Owner: sportradar_sql_user
--

CREATE INDEX users_customuser_groups_customuser_id_958147bf ON public.users_customuser_groups USING btree (customuser_id);


--
-- Name: users_customuser_groups_group_id_01390b14; Type: INDEX; Schema: public; Owner: sportradar_sql_user
--

CREATE INDEX users_customuser_groups_group_id_01390b14 ON public.users_customuser_groups USING btree (group_id);


--
-- Name: users_customuser_user_permissions_customuser_id_5771478b; Type: INDEX; Schema: public; Owner: sportradar_sql_user
--

CREATE INDEX users_customuser_user_permissions_customuser_id_5771478b ON public.users_customuser_user_permissions USING btree (customuser_id);


--
-- Name: users_customuser_user_permissions_permission_id_baaa2f74; Type: INDEX; Schema: public; Owner: sportradar_sql_user
--

CREATE INDEX users_customuser_user_permissions_permission_id_baaa2f74 ON public.users_customuser_user_permissions USING btree (permission_id);


--
-- Name: users_customuser_username_80452fdf_like; Type: INDEX; Schema: public; Owner: sportradar_sql_user
--

CREATE INDEX users_customuser_username_80452fdf_like ON public.users_customuser USING btree (username varchar_pattern_ops);


--
-- Name: activities_activity_attendees activities_activity__activity_id_bf9e3b8a_fk_activitie; Type: FK CONSTRAINT; Schema: public; Owner: sportradar_sql_user
--

ALTER TABLE ONLY public.activities_activity_attendees
    ADD CONSTRAINT activities_activity__activity_id_bf9e3b8a_fk_activitie FOREIGN KEY (activity_id) REFERENCES public.activities_activity(id) DEFERRABLE INITIALLY DEFERRED;


--
-- Name: activities_activity_attendees activities_activity__customuser_id_3440fc26_fk_users_cus; Type: FK CONSTRAINT; Schema: public; Owner: sportradar_sql_user
--

ALTER TABLE ONLY public.activities_activity_attendees
    ADD CONSTRAINT activities_activity__customuser_id_3440fc26_fk_users_cus FOREIGN KEY (customuser_id) REFERENCES public.users_customuser(id) DEFERRABLE INITIALLY DEFERRED;


--
-- Name: activities_activity activities_activity_created_by_id_b5334206_fk_users_cus; Type: FK CONSTRAINT; Schema: public; Owner: sportradar_sql_user
--

ALTER TABLE ONLY public.activities_activity
    ADD CONSTRAINT activities_activity_created_by_id_b5334206_fk_users_cus FOREIGN KEY (created_by_id) REFERENCES public.users_customuser(id) DEFERRABLE INITIALLY DEFERRED;


--
-- Name: auth_group_permissions auth_group_permissio_permission_id_84c5c92e_fk_auth_perm; Type: FK CONSTRAINT; Schema: public; Owner: sportradar_sql_user
--

ALTER TABLE ONLY public.auth_group_permissions
    ADD CONSTRAINT auth_group_permissio_permission_id_84c5c92e_fk_auth_perm FOREIGN KEY (permission_id) REFERENCES public.auth_permission(id) DEFERRABLE INITIALLY DEFERRED;


--
-- Name: auth_group_permissions auth_group_permissions_group_id_b120cbf9_fk_auth_group_id; Type: FK CONSTRAINT; Schema: public; Owner: sportradar_sql_user
--

ALTER TABLE ONLY public.auth_group_permissions
    ADD CONSTRAINT auth_group_permissions_group_id_b120cbf9_fk_auth_group_id FOREIGN KEY (group_id) REFERENCES public.auth_group(id) DEFERRABLE INITIALLY DEFERRED;


--
-- Name: auth_permission auth_permission_content_type_id_2f476e4b_fk_django_co; Type: FK CONSTRAINT; Schema: public; Owner: sportradar_sql_user
--

ALTER TABLE ONLY public.auth_permission
    ADD CONSTRAINT auth_permission_content_type_id_2f476e4b_fk_django_co FOREIGN KEY (content_type_id) REFERENCES public.django_content_type(id) DEFERRABLE INITIALLY DEFERRED;


--
-- Name: django_admin_log django_admin_log_content_type_id_c4bce8eb_fk_django_co; Type: FK CONSTRAINT; Schema: public; Owner: sportradar_sql_user
--

ALTER TABLE ONLY public.django_admin_log
    ADD CONSTRAINT django_admin_log_content_type_id_c4bce8eb_fk_django_co FOREIGN KEY (content_type_id) REFERENCES public.django_content_type(id) DEFERRABLE INITIALLY DEFERRED;


--
-- Name: django_admin_log django_admin_log_user_id_c564eba6_fk_users_customuser_id; Type: FK CONSTRAINT; Schema: public; Owner: sportradar_sql_user
--

ALTER TABLE ONLY public.django_admin_log
    ADD CONSTRAINT django_admin_log_user_id_c564eba6_fk_users_customuser_id FOREIGN KEY (user_id) REFERENCES public.users_customuser(id) DEFERRABLE INITIALLY DEFERRED;


--
-- Name: subscriptions_subscriptionrequest subscriptions_subscr_created_by_id_c39c3988_fk_users_cus; Type: FK CONSTRAINT; Schema: public; Owner: sportradar_sql_user
--

ALTER TABLE ONLY public.subscriptions_subscriptionrequest
    ADD CONSTRAINT subscriptions_subscr_created_by_id_c39c3988_fk_users_cus FOREIGN KEY (created_by_id) REFERENCES public.users_customuser(id) DEFERRABLE INITIALLY DEFERRED;


--
-- Name: users_customuser_groups users_customuser_gro_customuser_id_958147bf_fk_users_cus; Type: FK CONSTRAINT; Schema: public; Owner: sportradar_sql_user
--

ALTER TABLE ONLY public.users_customuser_groups
    ADD CONSTRAINT users_customuser_gro_customuser_id_958147bf_fk_users_cus FOREIGN KEY (customuser_id) REFERENCES public.users_customuser(id) DEFERRABLE INITIALLY DEFERRED;


--
-- Name: users_customuser_groups users_customuser_groups_group_id_01390b14_fk_auth_group_id; Type: FK CONSTRAINT; Schema: public; Owner: sportradar_sql_user
--

ALTER TABLE ONLY public.users_customuser_groups
    ADD CONSTRAINT users_customuser_groups_group_id_01390b14_fk_auth_group_id FOREIGN KEY (group_id) REFERENCES public.auth_group(id) DEFERRABLE INITIALLY DEFERRED;


--
-- Name: users_customuser_user_permissions users_customuser_use_customuser_id_5771478b_fk_users_cus; Type: FK CONSTRAINT; Schema: public; Owner: sportradar_sql_user
--

ALTER TABLE ONLY public.users_customuser_user_permissions
    ADD CONSTRAINT users_customuser_use_customuser_id_5771478b_fk_users_cus FOREIGN KEY (customuser_id) REFERENCES public.users_customuser(id) DEFERRABLE INITIALLY DEFERRED;


--
-- Name: users_customuser_user_permissions users_customuser_use_permission_id_baaa2f74_fk_auth_perm; Type: FK CONSTRAINT; Schema: public; Owner: sportradar_sql_user
--

ALTER TABLE ONLY public.users_customuser_user_permissions
    ADD CONSTRAINT users_customuser_use_permission_id_baaa2f74_fk_auth_perm FOREIGN KEY (permission_id) REFERENCES public.auth_permission(id) DEFERRABLE INITIALLY DEFERRED;


--
-- PostgreSQL database dump complete
--

